-- MySQL dump 10.13  Distrib 8.0.18, for macos10.14 (x86_64)
--
-- Host: localhost    Database: db-arafah-tw
-- ------------------------------------------------------
-- Server version	5.6.47-cll-lve

/*!40101 SET @OLD_CHARACTER_SET_CLIENT=@@CHARACTER_SET_CLIENT */;
/*!40101 SET @OLD_CHARACTER_SET_RESULTS=@@CHARACTER_SET_RESULTS */;
/*!40101 SET @OLD_COLLATION_CONNECTION=@@COLLATION_CONNECTION */;
/*!50503 SET NAMES utf8 */;
/*!40103 SET @OLD_TIME_ZONE=@@TIME_ZONE */;
/*!40103 SET TIME_ZONE='+00:00' */;
/*!40014 SET @OLD_UNIQUE_CHECKS=@@UNIQUE_CHECKS, UNIQUE_CHECKS=0 */;
/*!40014 SET @OLD_FOREIGN_KEY_CHECKS=@@FOREIGN_KEY_CHECKS, FOREIGN_KEY_CHECKS=0 */;
/*!40101 SET @OLD_SQL_MODE=@@SQL_MODE, SQL_MODE='NO_AUTO_VALUE_ON_ZERO' */;
/*!40111 SET @OLD_SQL_NOTES=@@SQL_NOTES, SQL_NOTES=0 */;

--
-- Table structure for table `c_paket`
--

DROP TABLE IF EXISTS `c_paket`;
/*!40101 SET @saved_cs_client     = @@character_set_client */;
/*!50503 SET character_set_client = utf8mb4 */;
CREATE TABLE `c_paket` (
  `id_paket` int(10) NOT NULL AUTO_INCREMENT,
  `file_path` varchar(255) DEFAULT NULL,
  `file_name` varchar(255) DEFAULT NULL,
  `created_at` datetime DEFAULT NULL,
  `updated_at` datetime DEFAULT NULL,
  PRIMARY KEY (`id_paket`)
) ENGINE=InnoDB AUTO_INCREMENT=13 DEFAULT CHARSET=latin1;
/*!40101 SET character_set_client = @saved_cs_client */;

--
-- Dumping data for table `c_paket`
--

LOCK TABLES `c_paket` WRITE;
/*!40000 ALTER TABLE `c_paket` DISABLE KEYS */;
INSERT INTO `c_paket` VALUES (1,'assets/images/paket/','paket-190822202940.jpg','2019-08-22 20:58:16','2019-10-11 22:33:08'),(2,'assets/images/paket/','paket-190822203014.jpg','2019-08-22 20:58:18','2019-10-11 22:32:54'),(3,'assets/images/paket/','paket-190822203023.jpg','2019-08-22 20:58:21','2019-10-11 22:32:30'),(4,'assets/images/paket/','paket-190822203033.jpg','2019-08-22 20:58:24','2019-10-11 22:31:06'),(5,'assets/images/paket/','paket-190822203044.jpg','2019-08-22 20:58:26','2019-10-11 22:30:48'),(6,'assets/images/paket/','paket-190822203057.jpg','2019-08-22 20:58:29','2019-10-11 22:30:32'),(7,'assets/images/paket/','paket-190822203108.jpg','2019-08-22 20:58:32','2019-10-11 22:30:20'),(8,'assets/images/paket/','paket-190822203116.jpg','2019-08-22 20:58:34','2019-10-11 22:30:07'),(9,'assets/images/paket/','paket-190822203125.jpg','2019-08-22 20:58:36','2019-10-11 22:29:53'),(10,'assets/images/paket/','paket-190822203136.jpg','2019-08-22 20:58:38','2019-10-11 22:29:40'),(11,'assets/images/paket/','paket-190822203145.png','2019-08-22 20:58:40','2019-10-11 22:22:37'),(12,'assets/images/paket/','paket-190822203153.png','2019-08-22 20:58:43','2019-10-11 22:21:26');
/*!40000 ALTER TABLE `c_paket` ENABLE KEYS */;
UNLOCK TABLES;

--
-- Table structure for table `c_promo`
--

DROP TABLE IF EXISTS `c_promo`;
/*!40101 SET @saved_cs_client     = @@character_set_client */;
/*!50503 SET character_set_client = utf8mb4 */;
CREATE TABLE `c_promo` (
  `id_promo` int(10) NOT NULL AUTO_INCREMENT,
  `promo_name` varchar(255) DEFAULT NULL,
  `promo_price` varchar(100) DEFAULT NULL,
  `promo_description` text,
  `promo_file_path` varchar(255) DEFAULT NULL,
  `promo_file_name` varchar(255) DEFAULT NULL,
  `created_at` datetime DEFAULT NULL,
  `updated_at` datetime DEFAULT NULL,
  PRIMARY KEY (`id_promo`)
) ENGINE=InnoDB AUTO_INCREMENT=7 DEFAULT CHARSET=latin1;
/*!40101 SET character_set_client = @saved_cs_client */;

--
-- Dumping data for table `c_promo`
--

LOCK TABLES `c_promo` WRITE;
/*!40000 ALTER TABLE `c_promo` DISABLE KEYS */;
INSERT INTO `c_promo` VALUES (1,'SHARP SJ-N162D (Silver)','600','									','assets/images/promo/','promo-191007095632.jpg','2019-10-07 09:56:32',NULL),(2,'SHARP SJ-195MD (Dark Silver)','1000','									','assets/images/promo/','promo-191007100140.jpg','2019-10-07 10:01:40',NULL),(3,'Polytron PWM-7357 (Black Gold)','600','									','assets/images/promo/','promo-191007100505.jpg','2019-10-07 10:05:05',NULL),(4,'POLYTRON PAW-75511 (Red)','800','									','assets/images/promo/','promo-191007101110.jpg','2019-10-07 10:11:10',NULL),(5,'POLYTRON PLD32D1500 (Black)','800','									','assets/images/promo/','promo-191007101240.jpg','2019-10-07 10:12:40',NULL),(6,'POLYTRON PLD40B150 (Black)','1200','									','assets/images/promo/','promo-191007101355.jpg','2019-10-07 10:13:55',NULL);
/*!40000 ALTER TABLE `c_promo` ENABLE KEYS */;
UNLOCK TABLES;

--
-- Table structure for table `c_sliders`
--

DROP TABLE IF EXISTS `c_sliders`;
/*!40101 SET @saved_cs_client     = @@character_set_client */;
/*!50503 SET character_set_client = utf8mb4 */;
CREATE TABLE `c_sliders` (
  `id_slide` int(10) NOT NULL AUTO_INCREMENT,
  `id_staff` int(10) DEFAULT NULL,
  `title` varchar(255) DEFAULT NULL,
  `file_path` varchar(255) DEFAULT NULL,
  `file_name` varchar(255) DEFAULT NULL,
  `description` text,
  `created_at` datetime DEFAULT NULL,
  `updated_at` datetime DEFAULT NULL,
  PRIMARY KEY (`id_slide`)
) ENGINE=InnoDB AUTO_INCREMENT=93 DEFAULT CHARSET=latin1;
/*!40101 SET character_set_client = @saved_cs_client */;

--
-- Dumping data for table `c_sliders`
--

LOCK TABLES `c_sliders` WRITE;
/*!40000 ALTER TABLE `c_sliders` DISABLE KEYS */;
INSERT INTO `c_sliders` VALUES (2,0,'Rumah Impian','assets/images/sliders/','slide-190822093425.jpg','','2019-08-22 09:34:25','2019-09-05 14:56:40'),(13,0,'Gabung Mitra Arafah','assets/images/sliders/','slide-190911180816.jpeg','														','2019-09-11 18:08:16',NULL),(17,0,'Grand Opening GADGET Taiwan SAMSUNG','assets/images/sliders/','slide-190916115054.jpeg','																												','2019-09-16 11:50:54','2019-09-28 13:21:25'),(18,0,'Beli HP Kirim Taiwan','assets/images/sliders/','slide-191002163640.jpeg','														','2019-10-02 16:36:40',NULL),(21,3,'Rumah Impian','assets/images/sliders/','slide-191011211617.jpg','									','2019-10-11 21:16:17',NULL),(22,4,'Rumah Impian','assets/images/sliders/','slide-191011211632.jpg','									','2019-10-11 21:16:32',NULL),(23,5,'Rumah Impian','assets/images/sliders/','slide-191011211648.jpg','									','2019-10-11 21:16:48',NULL),(24,6,'Rumah Impian','assets/images/sliders/','slide-191011211718.jpg','									','2019-10-11 21:17:18',NULL),(25,7,'Rumah Impian','assets/images/sliders/','slide-191011211731.jpg','									','2019-10-11 21:17:31',NULL),(26,8,'Rumah Impian','assets/images/sliders/','slide-191011211757.jpg','									','2019-10-11 21:17:57',NULL),(27,9,'Rumah Impian','assets/images/sliders/','slide-191011211811.jpg','									','2019-10-11 21:18:11',NULL),(28,10,'Rumah Impian','assets/images/sliders/','slide-191011211826.jpg','									','2019-10-11 21:18:26',NULL),(29,11,'Rumah Impian','assets/images/sliders/','slide-191011211851.jpg','									','2019-10-11 21:18:51',NULL),(30,12,'Rumah Impian','assets/images/sliders/','slide-191011211905.jpg','									','2019-10-11 21:19:05',NULL),(31,13,'Rumah Impian','assets/images/sliders/','slide-191011211921.jpg','									','2019-10-11 21:19:21',NULL),(32,3,'PROMO Hari Pelanggan Nasional','assets/images/sliders/','slide-191011211947.jpeg','									','2019-10-11 21:19:47',NULL),(33,4,'PROMO Hari Pelanggan Nasional','assets/images/sliders/','slide-191011211959.jpeg','									','2019-10-11 21:19:59',NULL),(34,5,'PROMO Hari Pelanggan Nasional','assets/images/sliders/','slide-191011212014.jpeg','									','2019-10-11 21:20:14',NULL),(35,6,'PROMO Hari Pelanggan Nasional','assets/images/sliders/','slide-191011212029.jpeg','									','2019-10-11 21:20:29',NULL),(36,7,'PROMO Hari Pelanggan Nasional','assets/images/sliders/','slide-191011212057.jpeg','									','2019-10-11 21:20:57',NULL),(37,8,'PROMO Hari Pelanggan Nasional','assets/images/sliders/','slide-191011212114.jpeg','									','2019-10-11 21:21:14',NULL),(38,9,'PROMO Hari Pelanggan Nasional','assets/images/sliders/','slide-191011212130.jpeg','									','2019-10-11 21:21:30',NULL),(39,10,'PROMO Hari Pelanggan Nasional','assets/images/sliders/','slide-191011212148.jpeg','									','2019-10-11 21:21:48',NULL),(40,11,'PROMO Hari Pelanggan Nasional','assets/images/sliders/','slide-191011212219.jpeg','									','2019-10-11 21:22:19',NULL),(41,12,'PROMO Hari Pelanggan Nasional','assets/images/sliders/','slide-191011212233.jpeg','									','2019-10-11 21:22:33',NULL),(42,13,'PROMO Hari Pelanggan Nasional','assets/images/sliders/','slide-191011212248.jpeg','									','2019-10-11 21:22:48',NULL),(43,3,'Grand Opening GADGET Taiwan SAMSUNG','assets/images/sliders/','slide-191011212318.jpeg','									','2019-10-11 21:23:18',NULL),(44,4,'Grand Opening GADGET Taiwan SAMSUNG','assets/images/sliders/','slide-191011212334.jpeg','									','2019-10-11 21:23:34',NULL),(45,5,'Grand Opening GADGET Taiwan SAMSUNG','assets/images/sliders/','slide-191011212349.jpeg','									','2019-10-11 21:23:49',NULL),(46,6,'Grand Opening GADGET Taiwan SAMSUNG','assets/images/sliders/','slide-191011212403.jpeg','									','2019-10-11 21:24:03',NULL),(47,7,'Grand Opening GADGET Taiwan SAMSUNG','assets/images/sliders/','slide-191011212417.jpeg','									','2019-10-11 21:24:17',NULL),(48,8,'Grand Opening GADGET Taiwan SAMSUNG','assets/images/sliders/','slide-191011212435.jpeg','									','2019-10-11 21:24:35',NULL),(49,9,'Grand Opening GADGET Taiwan SAMSUNG','assets/images/sliders/','slide-191011212452.jpeg','									','2019-10-11 21:24:52',NULL),(50,10,'Grand Opening GADGET Taiwan SAMSUNG','assets/images/sliders/','slide-191011212507.jpeg','									','2019-10-11 21:25:07',NULL),(51,11,'Grand Opening GADGET Taiwan SAMSUNG','assets/images/sliders/','slide-191011212522.jpeg','									','2019-10-11 21:25:22',NULL),(52,12,'Grand Opening GADGET Taiwan SAMSUNG','assets/images/sliders/','slide-191011212538.jpeg','									','2019-10-11 21:25:38',NULL),(53,13,'Grand Opening GADGET Taiwan SAMSUNG','assets/images/sliders/','slide-191011212553.jpeg','									','2019-10-11 21:25:53',NULL),(54,3,'Grand Opening Gadget Kirim Taiwan','assets/images/sliders/','slide-191011212730.jpeg','									','2019-10-11 21:27:30',NULL),(55,4,'Grand Opening Gadget Kirim Taiwan','assets/images/sliders/','slide-191011212743.jpeg','									','2019-10-11 21:27:43',NULL),(56,5,'Grand Opening Gadget Kirim Taiwan','assets/images/sliders/','slide-191011212800.jpeg','									','2019-10-11 21:28:00',NULL),(57,6,'Grand Opening Gadget Kirim Taiwan','assets/images/sliders/','slide-191011212821.jpeg','									','2019-10-11 21:28:21',NULL),(58,7,'Grand Opening Gadget Kirim Taiwan','assets/images/sliders/','slide-191011212835.jpeg','									','2019-10-11 21:28:35',NULL),(59,8,'Grand Opening Gadget Kirim Taiwan','assets/images/sliders/','slide-191011212847.jpeg','									','2019-10-11 21:28:47',NULL),(60,9,'Grand Opening Gadget Kirim Taiwan','assets/images/sliders/','slide-191011212859.jpeg','									','2019-10-11 21:28:59',NULL),(61,10,'Grand Opening Gadget Kirim Taiwan','assets/images/sliders/','slide-191011212914.jpeg','									','2019-10-11 21:29:14',NULL),(62,11,'Grand Opening Gadget Kirim Taiwan','assets/images/sliders/','slide-191011212926.jpeg','									','2019-10-11 21:29:26',NULL),(63,12,'Grand Opening Gadget Kirim Taiwan','assets/images/sliders/','slide-191011212940.jpeg','									','2019-10-11 21:29:40',NULL),(64,13,'Grand Opening Gadget Kirim Taiwan','assets/images/sliders/','slide-191011212954.jpeg','									','2019-10-11 21:29:54',NULL),(65,3,'Gabung Mitra Arafah','assets/images/sliders/','slide-191011213043.jpeg','									','2019-10-11 21:30:43',NULL),(66,4,'Gabung Mitra Arafah','assets/images/sliders/','slide-191011213059.jpeg','									','2019-10-11 21:30:59',NULL),(67,5,'Gabung Mitra Arafah','assets/images/sliders/','slide-191011213116.jpeg','									','2019-10-11 21:31:16',NULL),(68,6,'Gabung Mitra Arafah','assets/images/sliders/','slide-191011213129.jpeg','									','2019-10-11 21:31:29',NULL),(69,7,'Gabung Mitra Arafah','assets/images/sliders/','slide-191011213142.jpeg','									','2019-10-11 21:31:42',NULL),(70,8,'Gabung Mitra Arafah','assets/images/sliders/','slide-191011213159.jpeg','									','2019-10-11 21:31:59',NULL),(71,9,'Gabung Mitra Arafah','assets/images/sliders/','slide-191011213215.jpeg','									','2019-10-11 21:32:15',NULL),(72,10,'Gabung Mitra Arafah','assets/images/sliders/','slide-191011213231.jpeg','									','2019-10-11 21:32:31',NULL),(73,11,'Gabung Mitra Arafah','assets/images/sliders/','slide-191011213244.jpeg','									','2019-10-11 21:32:44',NULL),(74,12,'Gabung Mitra Arafah','assets/images/sliders/','slide-191011213256.jpeg','									','2019-10-11 21:32:56',NULL),(75,13,'Gabung Mitra Arafah','assets/images/sliders/','slide-191011213309.jpeg','									','2019-10-11 21:33:09',NULL),(76,3,'Beli HP Kirim Taiwan','assets/images/sliders/','slide-191011213340.jpeg','									','2019-10-11 21:33:40',NULL),(77,4,'Beli HP Kirim Taiwan','assets/images/sliders/','slide-191011213354.jpeg','									','2019-10-11 21:33:54',NULL),(78,5,'Beli HP Kirim Taiwan','assets/images/sliders/','slide-191011213409.jpeg','									','2019-10-11 21:34:09',NULL),(79,6,'Beli HP Kirim Taiwan','assets/images/sliders/','slide-191011213423.jpeg','									','2019-10-11 21:34:23',NULL),(80,7,'Beli HP Kirim Taiwan','assets/images/sliders/','slide-191011213437.jpeg','									','2019-10-11 21:34:37',NULL),(81,8,'Beli HP Kirim Taiwan','assets/images/sliders/','slide-191011213452.jpeg','									','2019-10-11 21:34:52',NULL),(82,9,'Beli HP Kirim Taiwan','assets/images/sliders/','slide-191011213507.jpeg','									','2019-10-11 21:35:07',NULL),(83,10,'Beli HP Kirim Taiwan','assets/images/sliders/','slide-191011213523.jpeg','									','2019-10-11 21:35:23',NULL),(84,11,'Beli HP Kirim Taiwan','assets/images/sliders/','slide-191011213537.jpeg','									','2019-10-11 21:35:37',NULL),(85,12,'Beli HP Kirim Taiwan','assets/images/sliders/','slide-191011213553.jpeg','									','2019-10-11 21:35:53',NULL),(86,13,'Beli HP Kirim Taiwan','assets/images/sliders/','slide-191011213607.jpeg','									','2019-10-11 21:36:07',NULL),(87,0,'Belanja Banyak Gratis Angsuran Makin Banyak','assets/images/sliders/','slide-191017211250.jpeg','														','2019-10-17 21:12:50',NULL),(88,0,'Paket DAPUR IDAMAN','assets/images/sliders/','slide-191023184757.jpeg','<ul><li>Dapur set ANATA</li><li>Lemari es 1pt</li><li>Meja Makan Sonya</li><li>Kompor Gas</li><li>Mesin Cuci 7kg</li><li>Mixer &amp; Rice Box</li></ul>','2019-10-23 18:47:57',NULL),(89,0,'Paket SAYANG ANAK','assets/images/sliders/','slide-191023184920.jpeg','<ul><li>Kamar Set Frozen</li><li>Drawer Frozen Napoly</li><li>Go Kart</li><li>Lampu Nakas</li></ul>','2019-10-23 18:49:20',NULL),(90,0,'Beli TV Gratis Parabola','assets/images/sliders/','slide-191110095653.jpeg','														','2019-11-10 09:56:53',NULL),(91,0,'Maulid Nabi','assets/images/sliders/','slide-191110095722.jpeg','														','2019-11-10 09:57:22',NULL),(92,0,'PROMO 11.11.2019','assets/images/sliders/','slide-191110095747.jpeg','														','2019-11-10 09:57:47',NULL);
/*!40000 ALTER TABLE `c_sliders` ENABLE KEYS */;
UNLOCK TABLES;

--
-- Table structure for table `c_testimoni`
--

DROP TABLE IF EXISTS `c_testimoni`;
/*!40101 SET @saved_cs_client     = @@character_set_client */;
/*!50503 SET character_set_client = utf8mb4 */;
CREATE TABLE `c_testimoni` (
  `id_testimoni` int(10) NOT NULL AUTO_INCREMENT,
  `testi_file_path` varchar(255) DEFAULT NULL,
  `testi_file_name` varchar(255) DEFAULT NULL,
  `created_at` datetime DEFAULT NULL,
  `updated_at` datetime DEFAULT NULL,
  PRIMARY KEY (`id_testimoni`)
) ENGINE=InnoDB AUTO_INCREMENT=13 DEFAULT CHARSET=latin1;
/*!40101 SET character_set_client = @saved_cs_client */;

--
-- Dumping data for table `c_testimoni`
--

LOCK TABLES `c_testimoni` WRITE;
/*!40000 ALTER TABLE `c_testimoni` DISABLE KEYS */;
INSERT INTO `c_testimoni` VALUES (9,'assets/images/testimoni/','testimoni-191014213024.jpeg','2019-10-14 21:30:24',NULL),(10,'assets/images/testimoni/','testimoni-191014213237.jpeg','2019-10-14 21:32:37',NULL),(11,'assets/images/testimoni/','testimoni-191017210948.jpeg','2019-10-17 21:09:48',NULL),(12,'assets/images/testimoni/','testimoni-191017211009.jpeg','2019-10-17 21:10:09',NULL);
/*!40000 ALTER TABLE `c_testimoni` ENABLE KEYS */;
UNLOCK TABLES;

--
-- Table structure for table `p_categories`
--

DROP TABLE IF EXISTS `p_categories`;
/*!40101 SET @saved_cs_client     = @@character_set_client */;
/*!50503 SET character_set_client = utf8mb4 */;
CREATE TABLE `p_categories` (
  `id_categories` int(10) NOT NULL AUTO_INCREMENT,
  `name` varchar(255) NOT NULL,
  `file_path` varchar(100) DEFAULT NULL,
  `file_name` varchar(100) DEFAULT NULL,
  `created_at` datetime DEFAULT NULL,
  `updated_at` datetime DEFAULT NULL,
  PRIMARY KEY (`id_categories`)
) ENGINE=InnoDB AUTO_INCREMENT=9 DEFAULT CHARSET=latin1;
/*!40101 SET character_set_client = @saved_cs_client */;

--
-- Dumping data for table `p_categories`
--

LOCK TABLES `p_categories` WRITE;
/*!40000 ALTER TABLE `p_categories` DISABLE KEYS */;
INSERT INTO `p_categories` VALUES (1,'PAKET','assets/images/contents/','1-paket-arafah.png',NULL,NULL),(2,'Elektronik','assets/images/contents/','2-category-elektronik.png',NULL,NULL),(3,'Furniture','assets/images/contents/','3-category-furniture.png',NULL,NULL),(4,'Sofa & Jati','assets/images/contents/','4-category-sofa-jati.png',NULL,NULL),(5,'Spring Bed','assets/images/contents/','5-category-spring-bed.png',NULL,NULL),(6,'Motor','assets/images/contents/','6-category-motor.png',NULL,NULL),(7,'Bahan Bangunan','assets/images/contents/','7-category-bahan-bangunan.png',NULL,NULL),(8,'Gadget','assets/images/contents/','8-category-gadget.png',NULL,NULL);
/*!40000 ALTER TABLE `p_categories` ENABLE KEYS */;
UNLOCK TABLES;

--
-- Table structure for table `p_category_sub`
--

DROP TABLE IF EXISTS `p_category_sub`;
/*!40101 SET @saved_cs_client     = @@character_set_client */;
/*!50503 SET character_set_client = utf8mb4 */;
CREATE TABLE `p_category_sub` (
  `id_category_sub` int(10) NOT NULL AUTO_INCREMENT,
  `id_categories` int(10) NOT NULL,
  `name` varchar(255) NOT NULL,
  `file_path` varchar(100) DEFAULT NULL,
  `file_name` varchar(100) DEFAULT NULL,
  `created_at` datetime DEFAULT NULL,
  `updated_at` datetime DEFAULT NULL,
  PRIMARY KEY (`id_category_sub`)
) ENGINE=InnoDB AUTO_INCREMENT=21 DEFAULT CHARSET=latin1;
/*!40101 SET character_set_client = @saved_cs_client */;

--
-- Dumping data for table `p_category_sub`
--

LOCK TABLES `p_category_sub` WRITE;
/*!40000 ALTER TABLE `p_category_sub` DISABLE KEYS */;
INSERT INTO `p_category_sub` VALUES (1,6,'Honda','assets/images/contents/','6.1-category-motor-honda.png',NULL,NULL),(2,6,'Yamaha','assets/images/contents/','6.2-category-motor-yamaha.png',NULL,NULL),(3,8,'Handphone','assets/images/contents/','8.1-category-gadget-handphone.png',NULL,NULL),(4,8,'Kamera','assets/images/contents/','8.2-category-gadget-kamera.png',NULL,NULL),(5,8,'Laptop','assets/images/contents/','8.3-category-gadget-laptop.png',NULL,NULL),(6,2,'TV & Audio','assets/images/contents/','2.1-icon-elektronik-tv-audio.png',NULL,NULL),(7,2,'Kulkas','assets/images/contents/','2.2-icon-elektronik-kulkas.png',NULL,NULL),(8,2,'Mesin Cuci','assets/images/contents/','2.3-icon-elektronik-mesin-cuci.png',NULL,NULL),(9,2,'AC & Elektronik lainnya','assets/images/contents/','2.4-icon-elektronik-ac-lainnya.png',NULL,NULL),(10,3,'Lemari Pakaian','assets/images/contents/','3.1-icon-furniture-lemari.png',NULL,NULL),(11,3,'Rak TV','assets/images/contents/','3.2-icon-furniture-rak-tv.png',NULL,NULL),(12,3,'Meja Belajar','assets/images/contents/','3.3-icon-furniture-meja-belajar.png',NULL,NULL),(13,3,'Dapur','assets/images/contents/','3.4-icon-furniture-dapur.png',NULL,NULL),(14,3,'Kamar Set Dewasa','assets/images/contents/','3.5-icon-furniture-kamar-set-dewasa.png',NULL,NULL),(15,3,'Kamar Set Anak','assets/images/contents/','3.6-icon-furniture-kamar-set-anak.png',NULL,NULL),(16,3,'Dapur Set','assets/images/contents/','3.7-icon-furniture-dapur-set.png',NULL,NULL),(17,5,'Dewasa','assets/images/contents/','5.1-icon-spring-bed-dewasa.png',NULL,NULL),(18,5,'Anak','assets/images/contents/','5.2-icon-spring-bed-anak.png',NULL,NULL),(19,4,'Sofa','assets/images/contents/','4.1-icon-sofa.png',NULL,NULL),(20,4,'Jati','assets/images/contents/','4.2-icon-jati.png',NULL,NULL);
/*!40000 ALTER TABLE `p_category_sub` ENABLE KEYS */;
UNLOCK TABLES;

--
-- Table structure for table `p_category_type`
--

DROP TABLE IF EXISTS `p_category_type`;
/*!40101 SET @saved_cs_client     = @@character_set_client */;
/*!50503 SET character_set_client = utf8mb4 */;
CREATE TABLE `p_category_type` (
  `id_category_type` int(10) NOT NULL AUTO_INCREMENT,
  `id_category_sub` int(10) NOT NULL,
  `name` varchar(255) NOT NULL,
  `created_at` datetime DEFAULT NULL,
  `updated_at` datetime DEFAULT NULL,
  PRIMARY KEY (`id_category_type`)
) ENGINE=InnoDB DEFAULT CHARSET=latin1;
/*!40101 SET character_set_client = @saved_cs_client */;

--
-- Dumping data for table `p_category_type`
--

LOCK TABLES `p_category_type` WRITE;
/*!40000 ALTER TABLE `p_category_type` DISABLE KEYS */;
/*!40000 ALTER TABLE `p_category_type` ENABLE KEYS */;
UNLOCK TABLES;

--
-- Table structure for table `p_product_categories`
--

DROP TABLE IF EXISTS `p_product_categories`;
/*!40101 SET @saved_cs_client     = @@character_set_client */;
/*!50503 SET character_set_client = utf8mb4 */;
CREATE TABLE `p_product_categories` (
  `id_product_categories` int(10) NOT NULL AUTO_INCREMENT,
  `id_products` int(10) NOT NULL,
  `id_categories` int(10) DEFAULT NULL,
  `id_category_sub` int(10) DEFAULT NULL,
  `id_category_type` int(10) DEFAULT NULL,
  `product_tags` text,
  `created_at` datetime DEFAULT NULL,
  `updated_at` datetime DEFAULT NULL,
  PRIMARY KEY (`id_product_categories`)
) ENGINE=InnoDB AUTO_INCREMENT=108 DEFAULT CHARSET=latin1;
/*!40101 SET character_set_client = @saved_cs_client */;

--
-- Dumping data for table `p_product_categories`
--

LOCK TABLES `p_product_categories` WRITE;
/*!40000 ALTER TABLE `p_product_categories` DISABLE KEYS */;
INSERT INTO `p_product_categories` VALUES (1,1,2,6,NULL,NULL,'2019-08-13 13:55:54','2019-10-09 14:56:36'),(2,2,2,6,NULL,NULL,'2019-08-13 13:58:26','2019-10-09 14:53:43'),(3,3,2,6,NULL,NULL,'2019-08-13 13:59:11','2019-10-09 14:50:45'),(4,4,2,6,NULL,NULL,'2019-08-13 14:02:35','2019-10-09 14:49:55'),(5,5,2,6,NULL,NULL,'2019-08-13 14:03:29','2019-10-09 14:47:22'),(6,6,2,6,NULL,NULL,'2019-08-13 14:04:08','2019-10-09 14:45:43'),(7,7,2,6,NULL,NULL,'2019-08-13 14:04:49','2019-10-09 14:32:51'),(8,8,2,6,NULL,NULL,'2019-08-13 14:05:56','2019-10-09 14:31:02'),(9,9,2,6,NULL,NULL,'2019-08-13 14:06:36','2019-10-09 14:29:45'),(10,10,2,9,NULL,NULL,'2019-08-13 14:07:15','2019-10-09 14:26:36'),(11,11,2,9,NULL,NULL,'2019-08-13 14:07:57','2019-10-09 14:25:33'),(12,12,2,7,NULL,NULL,'2019-08-13 16:46:01','2019-10-09 14:24:01'),(13,13,2,7,NULL,NULL,'2019-08-13 16:46:40','2019-10-09 14:21:39'),(14,14,2,7,NULL,NULL,'2019-08-13 16:47:21','2019-10-09 13:59:45'),(15,15,2,7,NULL,NULL,'2019-08-13 16:47:57','2019-10-09 13:53:19'),(16,16,2,7,NULL,NULL,'2019-08-13 16:50:12','2019-10-09 13:51:18'),(17,17,2,7,NULL,NULL,'2019-08-13 16:50:42','2019-10-09 13:48:26'),(18,18,2,7,NULL,NULL,'2019-08-13 16:51:11','2019-10-09 13:47:21'),(19,19,2,7,NULL,NULL,'2019-08-13 16:51:45','2019-10-09 13:46:12'),(20,20,2,8,NULL,NULL,'2019-08-13 16:52:21','2019-10-07 13:16:27'),(21,21,2,8,NULL,NULL,'2019-08-13 16:53:03','2019-10-07 13:15:57'),(22,22,2,8,NULL,NULL,'2019-08-13 16:53:35','2019-10-09 13:13:30'),(23,23,2,8,NULL,NULL,'2019-08-13 16:54:26','2019-10-07 13:13:51'),(24,24,3,11,NULL,NULL,'2019-08-13 16:57:38','2019-10-09 13:17:37'),(25,25,3,11,NULL,NULL,'2019-08-13 16:58:04','2019-10-09 13:39:44'),(26,26,3,11,NULL,NULL,'2019-08-13 16:58:28','2019-10-09 13:40:50'),(27,27,3,11,NULL,NULL,'2019-08-13 16:58:58','2019-10-09 13:41:40'),(28,28,3,11,NULL,NULL,'2019-08-13 16:59:32','2019-10-09 13:42:00'),(29,29,3,11,NULL,NULL,'2019-08-13 17:00:00','2019-10-09 13:42:15'),(30,30,3,12,NULL,NULL,'2019-08-13 17:00:43','2019-10-09 13:42:32'),(31,31,3,12,NULL,NULL,'2019-08-13 17:01:11','2019-10-09 13:42:49'),(32,32,3,10,NULL,NULL,'2019-08-13 17:01:45','2019-10-09 13:02:49'),(33,33,3,10,NULL,NULL,'2019-08-13 17:02:28','2019-10-09 13:03:04'),(34,34,3,12,NULL,NULL,'2019-08-13 17:03:03','2019-10-09 13:03:20'),(35,35,3,12,NULL,NULL,'2019-08-13 17:06:28','2019-10-09 13:02:27'),(36,36,3,10,NULL,NULL,'2019-08-13 17:07:13','2019-10-09 13:01:46'),(37,37,3,12,NULL,NULL,'2019-08-13 17:07:39','2019-10-09 13:00:35'),(38,38,3,16,NULL,NULL,'2019-08-13 17:08:15','2019-10-09 12:59:43'),(39,39,3,13,NULL,NULL,'2019-08-13 17:08:49','2019-10-09 12:57:55'),(40,40,3,13,NULL,NULL,'2019-08-13 17:09:23','2019-10-09 12:57:30'),(41,41,3,13,NULL,NULL,'2019-08-13 17:10:09','2019-10-09 12:56:45'),(42,42,3,16,NULL,NULL,'2019-08-13 17:11:26','2019-10-09 12:54:13'),(43,43,4,19,NULL,NULL,'2019-08-13 17:13:58','2019-10-09 12:54:50'),(44,44,4,19,NULL,NULL,'2019-08-13 17:14:18','2019-10-07 12:55:58'),(45,45,4,19,NULL,NULL,'2019-08-13 17:14:43','2019-10-07 13:06:02'),(46,46,4,19,NULL,NULL,'2019-08-13 17:15:07','2019-10-09 12:52:36'),(47,47,4,19,NULL,NULL,'2019-08-13 17:15:33','2019-10-07 12:54:56'),(48,48,4,20,NULL,NULL,'2019-08-13 17:21:20','2019-10-09 12:49:16'),(49,49,4,20,NULL,NULL,'2019-08-13 17:21:46','2019-10-09 12:48:13'),(50,50,4,19,NULL,NULL,'2019-08-13 17:22:12','2019-10-09 12:47:04'),(51,51,4,19,NULL,NULL,'2019-08-13 17:22:45','2019-10-09 12:46:15'),(52,52,4,19,NULL,NULL,'2019-08-13 17:23:11','2019-10-09 12:45:45'),(53,53,4,19,NULL,NULL,'2019-08-13 17:24:56','2019-10-09 12:45:18'),(54,54,4,19,NULL,NULL,'2019-08-13 17:26:05','2019-10-09 12:44:45'),(55,55,4,19,NULL,NULL,'2019-08-13 17:26:32','2019-10-09 12:44:06'),(56,56,4,19,NULL,NULL,'2019-08-13 17:27:10','2019-10-09 12:43:52'),(57,57,4,20,NULL,NULL,'2019-08-13 17:27:39','2019-10-09 12:41:29'),(58,58,4,20,NULL,NULL,'2019-08-13 17:28:04','2019-10-09 12:40:54'),(59,59,5,17,NULL,NULL,'2019-08-13 18:10:00','2019-10-07 12:48:28'),(60,60,5,17,NULL,NULL,'2019-08-13 18:10:24','2019-10-09 12:39:39'),(61,61,5,17,NULL,NULL,'2019-08-13 18:10:40','2019-10-09 12:38:55'),(62,62,5,17,NULL,NULL,'2019-08-13 18:11:01','2019-10-09 12:38:26'),(63,63,5,17,NULL,NULL,'2019-08-13 18:11:22','2019-10-09 12:38:05'),(64,64,5,18,NULL,NULL,'2019-08-13 18:11:46','2019-10-09 12:37:30'),(65,65,5,18,NULL,NULL,'2019-08-13 18:12:13','2019-10-09 12:37:16'),(66,66,5,18,NULL,NULL,'2019-08-13 18:12:36','2019-10-09 12:36:58'),(67,67,5,17,NULL,NULL,'2019-08-13 18:13:05','2019-10-09 12:35:43'),(68,68,3,14,NULL,NULL,'2019-08-13 18:13:58','2019-10-09 12:34:54'),(69,69,3,14,NULL,NULL,'2019-08-13 18:15:55','2019-10-09 12:33:52'),(70,70,3,14,NULL,NULL,'2019-08-13 18:16:46','2019-10-09 12:33:08'),(71,71,3,14,NULL,NULL,'2019-08-13 18:17:23','2019-10-09 12:32:10'),(72,72,3,15,NULL,NULL,'2019-08-13 18:17:52','2019-10-09 12:29:24'),(73,73,3,15,NULL,NULL,'2019-08-13 18:18:21','2019-10-09 12:28:36'),(74,74,3,15,NULL,NULL,'2019-08-13 18:18:55','2019-10-09 12:27:35'),(75,75,3,15,NULL,NULL,'2019-08-13 18:19:24','2019-10-09 12:26:15'),(76,76,3,15,NULL,NULL,'2019-08-13 18:19:50','2019-10-09 12:24:33'),(77,77,3,15,NULL,NULL,'2019-08-13 18:20:14','2019-10-09 12:23:17'),(78,78,6,1,NULL,NULL,'2019-08-13 18:22:32','2019-10-07 12:33:23'),(79,79,6,1,NULL,NULL,'2019-08-13 18:23:28','2019-10-07 12:32:55'),(80,80,6,1,NULL,NULL,'2019-08-13 18:24:04','2019-10-07 12:32:22'),(81,81,6,1,NULL,NULL,'2019-08-13 18:24:40','2019-10-07 12:31:28'),(82,82,6,1,NULL,NULL,'2019-08-13 18:25:15','2019-10-07 12:30:39'),(83,83,6,2,NULL,NULL,'2019-08-13 18:26:15','2019-10-07 12:30:11'),(84,84,6,2,NULL,NULL,'2019-08-13 18:26:50','2019-10-07 12:29:39'),(85,85,6,2,NULL,NULL,'2019-08-13 18:27:21','2019-10-07 12:26:44'),(86,86,6,2,NULL,NULL,'2019-08-13 18:27:47','2019-10-07 12:28:44'),(87,87,6,2,NULL,NULL,'2019-08-13 18:28:16','2019-10-07 12:25:28'),(88,88,8,3,NULL,NULL,'2019-08-13 18:39:36','2019-10-14 12:47:27'),(89,89,8,3,NULL,NULL,'2019-08-13 18:40:38','2019-09-16 10:49:02'),(90,90,8,3,NULL,NULL,'2019-08-13 18:42:07','2019-09-16 10:44:46'),(91,91,8,3,NULL,NULL,'2019-08-13 18:42:51','2019-09-16 10:47:51'),(92,92,8,3,NULL,NULL,'2019-08-13 18:43:30','2019-09-16 10:48:38'),(93,93,8,3,NULL,NULL,'2019-08-13 18:44:21','2019-09-16 10:35:00'),(94,94,8,3,NULL,NULL,'2019-08-13 18:44:56','2019-09-16 10:43:36'),(95,95,8,3,NULL,NULL,'2019-08-13 18:45:36','2019-09-16 10:35:24'),(96,96,8,3,NULL,NULL,'2019-08-13 18:46:20','2019-09-16 10:53:03'),(97,97,8,3,NULL,NULL,'2019-08-13 18:46:57','2019-10-14 12:49:41'),(98,98,8,3,NULL,NULL,'2019-08-13 18:47:40','2019-09-16 10:35:53'),(99,99,8,3,NULL,NULL,'2019-08-13 18:48:07','2019-09-16 10:36:12'),(100,100,8,3,NULL,NULL,'2019-08-13 18:49:32','2019-10-14 12:48:53'),(101,101,8,3,NULL,NULL,'2019-08-13 18:50:13','2019-09-16 10:36:56'),(102,102,8,5,NULL,NULL,'2019-10-14 12:42:52','2019-10-15 08:33:09'),(103,103,8,5,NULL,NULL,'2019-10-15 08:24:45','2019-10-15 08:32:12'),(104,104,8,5,NULL,NULL,'2019-10-15 08:50:24',NULL),(105,105,NULL,NULL,NULL,NULL,'2019-10-15 09:11:21',NULL),(106,106,NULL,NULL,NULL,NULL,'2019-10-15 09:15:15',NULL),(107,107,8,5,NULL,NULL,'2019-10-15 09:17:22','2019-10-15 09:18:41');
/*!40000 ALTER TABLE `p_product_categories` ENABLE KEYS */;
UNLOCK TABLES;

--
-- Table structure for table `p_product_files`
--

DROP TABLE IF EXISTS `p_product_files`;
/*!40101 SET @saved_cs_client     = @@character_set_client */;
/*!50503 SET character_set_client = utf8mb4 */;
CREATE TABLE `p_product_files` (
  `id_product_files` int(10) NOT NULL AUTO_INCREMENT,
  `id_products` int(10) NOT NULL,
  `file_path` varchar(255) DEFAULT NULL,
  `file_name` varchar(255) DEFAULT NULL,
  `created_at` datetime DEFAULT NULL,
  `updated_at` datetime DEFAULT NULL,
  PRIMARY KEY (`id_product_files`)
) ENGINE=InnoDB AUTO_INCREMENT=150 DEFAULT CHARSET=latin1;
/*!40101 SET character_set_client = @saved_cs_client */;

--
-- Dumping data for table `p_product_files`
--

LOCK TABLES `p_product_files` WRITE;
/*!40000 ALTER TABLE `p_product_files` DISABLE KEYS */;
INSERT INTO `p_product_files` VALUES (2,2,'assets/images/products/','190813135826-0.png','2019-08-13 13:58:26',NULL),(3,3,'assets/images/products/','190813135911-0.png','2019-08-13 13:59:11',NULL),(4,4,'assets/images/products/','190813140235-0.png','2019-08-13 14:02:35',NULL),(5,5,'assets/images/products/','190813140329-0.png','2019-08-13 14:03:29',NULL),(6,6,'assets/images/products/','190813140408-0.png','2019-08-13 14:04:08',NULL),(10,10,'assets/images/products/','190813140715-0.png','2019-08-13 14:07:15',NULL),(11,11,'assets/images/products/','190813140757-0.png','2019-08-13 14:07:57',NULL),(12,12,'assets/images/products/','190813164601-0.png','2019-08-13 16:46:01',NULL),(13,13,'assets/images/products/','190813164640-0.png','2019-08-13 16:46:40',NULL),(14,14,'assets/images/products/','190813164721-0.png','2019-08-13 16:47:21',NULL),(15,15,'assets/images/products/','190813164757-0.png','2019-08-13 16:47:57',NULL),(16,16,'assets/images/products/','190813165012-0.png','2019-08-13 16:50:12',NULL),(17,17,'assets/images/products/','190813165042-0.png','2019-08-13 16:50:42',NULL),(18,18,'assets/images/products/','190813165111-0.png','2019-08-13 16:51:11',NULL),(19,19,'assets/images/products/','190813165145-0.png','2019-08-13 16:51:45',NULL),(20,20,'assets/images/products/','190813165221-0.png','2019-08-13 16:52:21',NULL),(21,21,'assets/images/products/','190813165303-0.png','2019-08-13 16:53:03',NULL),(22,22,'assets/images/products/','190813165335-0.png','2019-08-13 16:53:35',NULL),(23,23,'assets/images/products/','190813165426-0.png','2019-08-13 16:54:26',NULL),(24,24,'assets/images/products/','190813165738-0.png','2019-08-13 16:57:38',NULL),(26,26,'assets/images/products/','190813165828-0.png','2019-08-13 16:58:28',NULL),(28,28,'assets/images/products/','190813165932-0.png','2019-08-13 16:59:32',NULL),(29,29,'assets/images/products/','190813170000-0.png','2019-08-13 17:00:00',NULL),(30,30,'assets/images/products/','190813170043-0.png','2019-08-13 17:00:43',NULL),(31,31,'assets/images/products/','190813170111-0.png','2019-08-13 17:01:11',NULL),(36,36,'assets/images/products/','190813170713-0.png','2019-08-13 17:07:13',NULL),(37,37,'assets/images/products/','190813170739-0.png','2019-08-13 17:07:39',NULL),(38,38,'assets/images/products/','190813170815-0.png','2019-08-13 17:08:15',NULL),(39,39,'assets/images/products/','190813170849-0.png','2019-08-13 17:08:49',NULL),(40,40,'assets/images/products/','190813170923-0.png','2019-08-13 17:09:23',NULL),(41,41,'assets/images/products/','190813171009-0.png','2019-08-13 17:10:09',NULL),(44,44,'assets/images/products/','190813171418-0.png','2019-08-13 17:14:18',NULL),(45,45,'assets/images/products/','190813171443-0.png','2019-08-13 17:14:43',NULL),(51,51,'assets/images/products/','190813172245-0.png','2019-08-13 17:22:45',NULL),(55,55,'assets/images/products/','190813172632-0.png','2019-08-13 17:26:32',NULL),(57,57,'assets/images/products/','190813172739-0.png','2019-08-13 17:27:39',NULL),(58,58,'assets/images/products/','190813172804-0.png','2019-08-13 17:28:04',NULL),(64,64,'assets/images/products/','190813181146-0.png','2019-08-13 18:11:46',NULL),(65,65,'assets/images/products/','190813181213-0.png','2019-08-13 18:12:13',NULL),(74,74,'assets/images/products/','190813181855-0.png','2019-08-13 18:18:55',NULL),(75,75,'assets/images/products/','190813181924-0.png','2019-08-13 18:19:24',NULL),(78,78,'assets/images/products/','190813182232-0.png','2019-08-13 18:22:32',NULL),(79,79,'assets/images/products/','190813182328-0.png','2019-08-13 18:23:28',NULL),(80,80,'assets/images/products/','190813182404-0.png','2019-08-13 18:24:04',NULL),(81,81,'assets/images/products/','190813182440-0.png','2019-08-13 18:24:40',NULL),(82,82,'assets/images/products/','190813182515-0.png','2019-08-13 18:25:15',NULL),(83,83,'assets/images/products/','190813182615-0.png','2019-08-13 18:26:15',NULL),(84,84,'assets/images/products/','190813182650-0.png','2019-08-13 18:26:50',NULL),(85,85,'assets/images/products/','190813182721-0.png','2019-08-13 18:27:21',NULL),(86,86,'assets/images/products/','190813182747-0.png','2019-08-13 18:27:47',NULL),(87,87,'assets/images/products/','190813182816-0.png','2019-08-13 18:28:16',NULL),(88,88,'assets/images/products/','190813183936-0.png','2019-08-13 18:39:36',NULL),(89,89,'assets/images/products/','190813184038-0.png','2019-08-13 18:40:38',NULL),(90,90,'assets/images/products/','190813184207-0.png','2019-08-13 18:42:07',NULL),(91,91,'assets/images/products/','190813184251-0.png','2019-08-13 18:42:51',NULL),(92,92,'assets/images/products/','190813184330-0.png','2019-08-13 18:43:30',NULL),(94,94,'assets/images/products/','190813184456-0.png','2019-08-13 18:44:56',NULL),(95,95,'assets/images/products/','190813184536-0.png','2019-08-13 18:45:36',NULL),(100,100,'assets/images/products/','190813184932-0.png','2019-08-13 18:49:32',NULL),(101,101,'assets/images/products/','190813185013-0.png','2019-08-13 18:50:13',NULL),(102,60,'assets/images/products/','190913082526-0.jpg','2019-09-13 08:25:26','2019-09-13 08:25:26'),(103,67,'assets/images/products/','190913082908-0.jpg','2019-09-13 08:29:08','2019-09-13 08:29:08'),(104,61,'assets/images/products/','190913085648-0.jpg','2019-09-13 08:56:48','2019-09-13 08:56:48'),(105,62,'assets/images/products/','190913085806-0.jpg','2019-09-13 08:58:06','2019-09-13 08:58:06'),(106,56,'assets/images/products/','190913090803-0.jpg','2019-09-13 09:08:03','2019-09-13 09:08:03'),(107,63,'assets/images/products/','190913091011-0.jpg','2019-09-13 09:10:11','2019-09-13 09:10:11'),(108,48,'assets/images/products/','190913091046-0.jpg','2019-09-13 09:10:46','2019-09-13 09:10:46'),(109,49,'assets/images/products/','190913091110-0.jpg','2019-09-13 09:11:10','2019-09-13 09:11:10'),(110,8,'assets/images/products/','190913091343-0.jpg','2019-09-13 09:13:43','2019-09-13 09:13:43'),(111,34,'assets/images/products/','190913091417-0.jpg','2019-09-13 09:14:17','2019-09-13 09:14:17'),(112,46,'assets/images/products/','190913091445-0.jpg','2019-09-13 09:14:45','2019-09-13 09:14:45'),(113,71,'assets/images/products/','190913091600-0.jpg','2019-09-13 09:16:00','2019-09-13 09:16:00'),(114,76,'assets/images/products/','190913091632-0.jpg','2019-09-13 09:16:32','2019-09-13 09:16:32'),(115,35,'assets/images/products/','190913092112-0.jpg','2019-09-13 09:21:12','2019-09-13 09:21:12'),(116,33,'assets/images/products/','190913092138-0.jpg','2019-09-13 09:21:38','2019-09-13 09:21:38'),(117,42,'assets/images/products/','190913092210-0.jpg','2019-09-13 09:22:10','2019-09-13 09:22:10'),(118,59,'assets/images/products/','190913092241-0.jpg','2019-09-13 09:22:41','2019-09-13 09:22:41'),(119,70,'assets/images/products/','190913092314-0.jpg','2019-09-13 09:23:14','2019-09-13 09:23:14'),(120,7,'assets/images/products/','190913092706-0.jpg','2019-09-13 09:27:06','2019-09-13 09:27:06'),(121,32,'assets/images/products/','190913092738-0.jpg','2019-09-13 09:27:38','2019-09-13 09:27:38'),(122,47,'assets/images/products/','190913092815-0.jpg','2019-09-13 09:28:15','2019-09-13 09:28:15'),(123,50,'assets/images/products/','190913092844-0.jpg','2019-09-13 09:28:44','2019-09-13 09:28:44'),(124,53,'assets/images/products/','190913092916-0.jpg','2019-09-13 09:29:16','2019-09-13 09:29:16'),(125,54,'assets/images/products/','190913092942-0.jpg','2019-09-13 09:29:42','2019-09-13 09:29:42'),(126,68,'assets/images/products/','190913093021-0.jpg','2019-09-13 09:30:21','2019-09-13 09:30:21'),(127,72,'assets/images/products/','190913093151-0.jpg','2019-09-13 09:31:51','2019-09-13 09:31:51'),(128,73,'assets/images/products/','190913093221-0.jpg','2019-09-13 09:32:21','2019-09-13 09:32:21'),(129,77,'assets/images/products/','190913093252-0.jpg','2019-09-13 09:32:52','2019-09-13 09:32:52'),(130,1,'assets/images/products/','190913103613-0.jpg','2019-09-13 10:36:13','2019-09-13 10:36:13'),(131,9,'assets/images/products/','190913103638-0.jpg','2019-09-13 10:36:38','2019-09-13 10:36:38'),(133,25,'assets/images/products/','190913103910-0.jpg','2019-09-13 10:39:10','2019-09-13 10:39:10'),(134,27,'assets/images/products/','190913103935-0.jpg','2019-09-13 10:39:35','2019-09-13 10:39:35'),(135,52,'assets/images/products/','190913104011-0.jpg','2019-09-13 10:40:11','2019-09-13 10:40:11'),(136,43,'assets/images/products/','190913104050-0.jpg','2019-09-13 10:40:50','2019-09-13 10:40:50'),(137,66,'assets/images/products/','190913104125-0.jpg','2019-09-13 10:41:25','2019-09-13 10:41:25'),(138,69,'assets/images/products/','190913104202-0.jpg','2019-09-13 10:42:02','2019-09-13 10:42:02'),(140,99,'assets/images/products/','190915234220-0.jpeg','2019-09-15 23:42:20','2019-09-15 23:42:20'),(141,98,'assets/images/products/','190916002226-0.jpeg','2019-09-16 00:22:26','2019-09-16 00:22:26'),(143,93,'assets/images/products/','190916093455-0.jpeg','2019-09-16 09:34:55','2019-09-16 09:34:55'),(144,97,'assets/images/products/','190916102530-0.jpeg','2019-09-16 10:25:30','2019-09-16 10:25:30'),(145,96,'assets/images/products/','190916103328-0.jpeg','2019-09-16 10:33:28','2019-09-16 10:33:28'),(146,102,'assets/images/products/','191014124252-0.jpeg','2019-10-14 12:42:52',NULL),(147,103,'assets/images/products/','191015082445-0.jpeg','2019-10-15 08:24:45',NULL),(148,104,'assets/images/products/','191015085024-0.jpeg','2019-10-15 08:50:24',NULL),(149,107,'assets/images/products/','191015091722-0.jpeg','2019-10-15 09:17:22',NULL);
/*!40000 ALTER TABLE `p_product_files` ENABLE KEYS */;
UNLOCK TABLES;

--
-- Table structure for table `p_products`
--

DROP TABLE IF EXISTS `p_products`;
/*!40101 SET @saved_cs_client     = @@character_set_client */;
/*!50503 SET character_set_client = utf8mb4 */;
CREATE TABLE `p_products` (
  `id_products` int(10) NOT NULL AUTO_INCREMENT,
  `id_product_stock_status` int(10) DEFAULT NULL,
  `id_product_types` int(10) DEFAULT NULL,
  `product_name` varchar(255) DEFAULT NULL,
  `price_regular` varchar(255) DEFAULT NULL,
  `price_discount` varchar(255) DEFAULT NULL,
  `specification` text,
  `description` text,
  `created_at` datetime DEFAULT NULL,
  `updated_at` datetime DEFAULT NULL,
  PRIMARY KEY (`id_products`)
) ENGINE=InnoDB AUTO_INCREMENT=108 DEFAULT CHARSET=latin1;
/*!40101 SET character_set_client = @saved_cs_client */;

--
-- Dumping data for table `p_products`
--

LOCK TABLES `p_products` WRITE;
/*!40000 ALTER TABLE `p_products` DISABLE KEYS */;
INSERT INTO `p_products` VALUES (1,NULL,NULL,'LED LG 32LK500BPTA','1.600','',NULL,'<font face=\"Verdana\">GRATIS Parabola Setiap Pembelian TV 32\", 40\", 43\"																																										<br><br><span style=\"color: rgb(96, 96, 96); font-size: 13px;\">Detail :</span><br style=\"-webkit-font-smoothing: antialiased; color: rgb(96, 96, 96); font-size: 13px;\"><span style=\"color: rgb(96, 96, 96); font-size: 13px;\">- Layar: 32\' FULL HD TV</span><br style=\"-webkit-font-smoothing: antialiased; color: rgb(96, 96, 96); font-size: 13px;\"><span style=\"color: rgb(96, 96, 96); font-size: 13px;\">- Resolusi layar: 1366x768</span><br style=\"-webkit-font-smoothing: antialiased; color: rgb(96, 96, 96); font-size: 13px;\"><span style=\"color: rgb(96, 96, 96); font-size: 13px;\">- HDMI, USB 2.0</span><br style=\"-webkit-font-smoothing: antialiased; color: rgb(96, 96, 96); font-size: 13px;\"><span style=\"color: rgb(96, 96, 96); font-size: 13px;\">- Slim Frame</span><br style=\"-webkit-font-smoothing: antialiased; color: rgb(96, 96, 96); font-size: 13px;\"><span style=\"color: rgb(96, 96, 96); font-size: 13px;\">- Power Requirement: AC 100-240V 50/60Hz</span><br style=\"-webkit-font-smoothing: antialiased; color: rgb(96, 96, 96); font-size: 13px;\"><span style=\"color: rgb(96, 96, 96); font-size: 13px;\">- Resolution Upscaler</span><br style=\"-webkit-font-smoothing: antialiased; color: rgb(96, 96, 96); font-size: 13px;\"><span style=\"color: rgb(96, 96, 96); font-size: 13px;\">- 2.0Ch. / 10W</span><br style=\"-webkit-font-smoothing: antialiased; color: rgb(96, 96, 96); font-size: 13px;\"><span style=\"color: rgb(96, 96, 96); font-size: 13px;\">- Dolby Audio</span><br style=\"-webkit-font-smoothing: antialiased; color: rgb(96, 96, 96); font-size: 13px;\"><span style=\"color: rgb(96, 96, 96); font-size: 13px;\">- Satellite TV (EU/CIS Only)</span></font><br>','2019-08-13 13:55:54','2019-10-09 14:56:36'),(2,NULL,NULL,'LED Samsung UA32N4003AKPXD','1.600','',NULL,'<p>GRATIS Parabola Setiap Pembelian TV 32\", 40\", 43\"</p><p>32\'\' inc<br>HD Resolution</p><p>																																										</p>','2019-08-13 13:58:26','2019-10-09 14:53:43'),(3,NULL,NULL,'LED Sharp 32SA4101i','1.600','',NULL,'GRATIS Parabola Setiap Pembelian TV 32\", 40\", 43\"																																										<br><br><ul class=\"-bt-description\" style=\"margin-bottom: 0px; padding-left: 1em; color: rgb(54, 54, 55); font-family: -apple-system, BlinkMacSystemFont, &quot;.SFNSText-Regular&quot;, &quot;San Francisco&quot;, Roboto, &quot;Segoe UI&quot;, Oxygen, Ubuntu, &quot;Helvetica Neue&quot;, &quot;Lucida Grande&quot;, sans-serif; font-size: 16px;\"><li>Ukuran: 32 inch</li><li>Resolusi: 1366 x 768 (HD Ready)</li><li>X2 Master Engine</li><li>Super Eco</li><li>Antenna Booster</li><li>Child Timer</li><li>Comfort Mode</li><li>Konektivitas: HDMI</li></ul>','2019-08-13 13:59:11','2019-10-09 14:50:45'),(4,NULL,NULL,'LED Polytron PLD-32T7510','1.600','',NULL,'<font face=\"Verdana\">GRATIS Parabola Setiap Pembelian TV 32\", 40\", 43\"																																										<br></font><div class=\"kIo6pj\" style=\"display: flex; margin-bottom: 1.125rem; color: rgba(0, 0, 0, 0.8);\"><label class=\"_1ymsZN\" style=\"color: rgba(0, 0, 0, 0.4); font-size: 0.875rem; width: 6.25rem; margin-right: 2.5rem;\"><span style=\"font-family: Verdana; color: rgba(0, 0, 0, 0.8); font-size: 14px;\"><br></span></label></div><div class=\"kIo6pj\" style=\"display: flex; margin-bottom: 1.125rem; color: rgba(0, 0, 0, 0.8);\"><label class=\"_1ymsZN\" style=\"color: rgba(0, 0, 0, 0.4); font-size: 0.875rem; width: 6.25rem; margin-right: 2.5rem;\"><br></label></div>','2019-08-13 14:02:35','2019-10-09 14:49:55'),(5,NULL,NULL,'LED Polytron PLD40TV85','2.000','',NULL,'GRATIS Parabola Setiap Pembelian TV 32\", 40\", 43\"																																										<br><br><ul class=\"-bt-description\" style=\"margin-bottom: 0px; padding-left: 1em; color: rgb(54, 54, 55); font-family: -apple-system, BlinkMacSystemFont, &quot;.SFNSText-Regular&quot;, &quot;San Francisco&quot;, Roboto, &quot;Segoe UI&quot;, Oxygen, Ubuntu, &quot;Helvetica Neue&quot;, &quot;Lucida Grande&quot;, sans-serif; font-size: 16px;\"><li>Ukuran: 32 Inch</li><li>Resolusi: 1366 x 768 (HD Ready)</li><li>Bass Reflex Speaker Tower</li><li>Narrow bezel</li><li>Konektivitas: HDMi/USB</li></ul>','2019-08-13 14:03:29','2019-10-09 14:47:22'),(6,NULL,NULL,'Polytron BB-3501','1.400','',NULL,'<span style=\"color: rgb(51, 51, 51); font-family: &quot;Helvetica Neue&quot;, Helvetica, Arial, sans-serif;\">Detail:</span><br style=\"color: rgb(51, 51, 51); font-family: &quot;Helvetica Neue&quot;, Helvetica, Arial, sans-serif;\"><span style=\"color: rgb(51, 51, 51); font-family: &quot;Helvetica Neue&quot;, Helvetica, Arial, sans-serif;\">- USB 2.0 (input) : Yes</span><br style=\"color: rgb(51, 51, 51); font-family: &quot;Helvetica Neue&quot;, Helvetica, Arial, sans-serif;\"><span style=\"color: rgb(51, 51, 51); font-family: &quot;Helvetica Neue&quot;, Helvetica, Arial, sans-serif;\">- DVD : Yes</span><br style=\"color: rgb(51, 51, 51); font-family: &quot;Helvetica Neue&quot;, Helvetica, Arial, sans-serif;\"><span style=\"color: rgb(51, 51, 51); font-family: &quot;Helvetica Neue&quot;, Helvetica, Arial, sans-serif;\">- CD Copy TO USB : Yes</span><br style=\"color: rgb(51, 51, 51); font-family: &quot;Helvetica Neue&quot;, Helvetica, Arial, sans-serif;\"><span style=\"color: rgb(51, 51, 51); font-family: &quot;Helvetica Neue&quot;, Helvetica, Arial, sans-serif;\">- Remote Control : Yes</span><br style=\"color: rgb(51, 51, 51); font-family: &quot;Helvetica Neue&quot;, Helvetica, Arial, sans-serif;\"><span style=\"color: rgb(51, 51, 51); font-family: &quot;Helvetica Neue&quot;, Helvetica, Arial, sans-serif;\">- MMC/SD Card : -</span><br style=\"color: rgb(51, 51, 51); font-family: &quot;Helvetica Neue&quot;, Helvetica, Arial, sans-serif;\"><span style=\"color: rgb(51, 51, 51); font-family: &quot;Helvetica Neue&quot;, Helvetica, Arial, sans-serif;\">- Mic Input with Mic Level &amp; Digital Echo : Yes</span><br style=\"color: rgb(51, 51, 51); font-family: &quot;Helvetica Neue&quot;, Helvetica, Arial, sans-serif;\"><span style=\"color: rgb(51, 51, 51); font-family: &quot;Helvetica Neue&quot;, Helvetica, Arial, sans-serif;\">- Karaoke with auto vocal changer : Yes</span><br style=\"color: rgb(51, 51, 51); font-family: &quot;Helvetica Neue&quot;, Helvetica, Arial, sans-serif;\"><span style=\"color: rgb(51, 51, 51); font-family: &quot;Helvetica Neue&quot;, Helvetica, Arial, sans-serif;\">- Preset Equalizer : Yes</span><br style=\"color: rgb(51, 51, 51); font-family: &quot;Helvetica Neue&quot;, Helvetica, Arial, sans-serif;\"><span style=\"color: rgb(51, 51, 51); font-family: &quot;Helvetica Neue&quot;, Helvetica, Arial, sans-serif;\">- MP3 Input : Yes</span><br style=\"color: rgb(51, 51, 51); font-family: &quot;Helvetica Neue&quot;, Helvetica, Arial, sans-serif;\"><span style=\"color: rgb(51, 51, 51); font-family: &quot;Helvetica Neue&quot;, Helvetica, Arial, sans-serif;\">- Speaker System 5.1 : Yes</span><br>','2019-08-13 14:04:08','2019-10-09 14:45:43'),(7,NULL,NULL,'Samsung Smart TV UA40J5250DK','2.400','',NULL,'GRATIS Parabola Setiap Pembelian TV 32\", 40\", 43\", Smart TV																																																								<br><br><br><div><dt class=\"c-deflist__label qa-pd-category-label\" style=\"float: left; clear: left; min-width: 120px; margin-bottom: 6px; color: rgb(51, 51, 51); font-family: &quot;Helvetica Neue&quot;, Helvetica, Arial, sans-serif; font-weight: 400;\">Kategori</dt><dd class=\"c-deflist__value qa-pd-category-value qa-pd-category\" style=\"margin: 0px 0px 6px 138px; padding: 0px; color: rgb(51, 51, 51); font-family: &quot;Helvetica Neue&quot;, Helvetica, Arial, sans-serif;\">Televisi</dd><dt class=\"c-deflist__label qa-pd-weight-label\" style=\"float: left; clear: left; min-width: 120px; margin-bottom: 6px; color: rgb(51, 51, 51); font-family: &quot;Helvetica Neue&quot;, Helvetica, Arial, sans-serif; font-weight: 400;\">Berat</dt><dd class=\"c-deflist__value qa-pd-weight-value qa-pd-weight\" style=\"margin: 0px 0px 6px 138px; padding: 0px; color: rgb(51, 51, 51); font-family: &quot;Helvetica Neue&quot;, Helvetica, Arial, sans-serif;\">10.0 kilogram</dd><dt class=\"c-deflist__label qa-pd-attribute-label\" style=\"float: left; clear: left; min-width: 120px; margin-bottom: 6px; color: rgb(51, 51, 51); font-family: &quot;Helvetica Neue&quot;, Helvetica, Arial, sans-serif; font-weight: 400;\">Merek</dt><dd class=\"c-deflist__value qa-pd-attribute-value\" style=\"margin: 0px 0px 6px 138px; padding: 0px; color: rgb(51, 51, 51); font-family: &quot;Helvetica Neue&quot;, Helvetica, Arial, sans-serif;\"><a target=\"_blank\" href=\"https://www.bukalapak.com/brand/samsung\" style=\"color: rgb(215, 17, 73); line-height: inherit; cursor: pointer; transition: color 0.3s ease-out 0s;\">Samsung</a></dd><dt class=\"c-deflist__label qa-pd-attribute-label\" style=\"float: left; clear: left; min-width: 120px; margin-bottom: 6px; color: rgb(51, 51, 51); font-family: &quot;Helvetica Neue&quot;, Helvetica, Arial, sans-serif; font-weight: 400;\">Display Type</dt><dd class=\"c-deflist__value qa-pd-attribute-value\" style=\"margin: 0px 0px 6px 138px; padding: 0px; color: rgb(51, 51, 51); font-family: &quot;Helvetica Neue&quot;, Helvetica, Arial, sans-serif;\">LED</dd><dt class=\"c-deflist__label qa-pd-attribute-label\" style=\"float: left; clear: left; min-width: 120px; margin-bottom: 6px; color: rgb(51, 51, 51); font-family: &quot;Helvetica Neue&quot;, Helvetica, Arial, sans-serif; font-weight: 400;\">Resolusi</dt><dd class=\"c-deflist__value qa-pd-attribute-value\" style=\"margin: 0px 0px 6px 138px; padding: 0px; color: rgb(51, 51, 51); font-family: &quot;Helvetica Neue&quot;, Helvetica, Arial, sans-serif;\">1080p</dd><dt class=\"c-deflist__label qa-pd-attribute-label\" style=\"float: left; clear: left; min-width: 120px; margin-bottom: 6px; color: rgb(51, 51, 51); font-family: &quot;Helvetica Neue&quot;, Helvetica, Arial, sans-serif; font-weight: 400;\">Ukuran Layar</dt><dd class=\"c-deflist__value qa-pd-attribute-value\" style=\"margin: 0px 0px 6px 138px; padding: 0px; color: rgb(51, 51, 51); font-family: &quot;Helvetica Neue&quot;, Helvetica, Arial, sans-serif;\">40\" - 49\"</dd><dt class=\"c-deflist__label qa-pd-attribute-label\" style=\"float: left; clear: left; min-width: 120px; margin-bottom: 0px; color: rgb(51, 51, 51); font-family: &quot;Helvetica Neue&quot;, Helvetica, Arial, sans-serif; font-weight: 400;\">Warna</dt><dd class=\"c-deflist__value qa-pd-attribute-value\" style=\"margin: 0px 0px 0px 138px; padding: 0px; color: rgb(51, 51, 51); font-family: &quot;Helvetica Neue&quot;, Helvetica, Arial, sans-serif;\">hitam</dd></div>','2019-08-13 14:04:49','2019-10-09 14:32:51'),(8,NULL,NULL,'LED Samsung 43','2.200','',NULL,'<p><font face=\"Verdana\">GRATIS Parabola Setiap Pembelian TV 32\", 40\", 43\"</font></p><p><font face=\"Verdana\">Ukuran 43\"</font></p><ul style=\"box-sizing: inherit; padding-left: 0px; color: rgba(0, 0, 0, 0.87); font-size: 16px;\"><li style=\"box-sizing: inherit;\"><font face=\"Verdana\">LED TV</font></li><li style=\"box-sizing: inherit;\"><font face=\"Verdana\">Layar : 43 Inch , 1920x1080</font></li><li style=\"box-sizing: inherit;\"><font face=\"Verdana\">Digital Broadcasting : DVB-T2</font></li><li style=\"box-sizing: inherit;\"><font face=\"Verdana\">Konektivitas : HDMI (2), USB (1)</font></li><li style=\"box-sizing: inherit;\"><font face=\"Verdana\">Audio : Dolby Digital Plus</font></li></ul><p>														</p>																																										','2019-08-13 14:05:56','2019-10-09 14:31:02'),(9,NULL,NULL,'LED LG 43','2.200','',NULL,'<p><font face=\"Verdana\">GRATIS Parabola Setiap Pembelian TV 32\", 40\", 43\"</font></p><p><font face=\"Verdana\">Ukuran 43\"														<br><br><span style=\"color: rgb(96, 96, 96); font-size: 13px;\">Full HD 1080P</span><br style=\"-webkit-font-smoothing: antialiased; color: rgb(96, 96, 96); font-size: 13px;\"><span style=\"color: rgb(96, 96, 96); font-size: 13px;\">Nikmati tayangan TV dan film dalam ketajaman 1080p. Gambar penuh dengan detail halus yang tak nampak pada resolusi yang lebih rendah</span><br style=\"-webkit-font-smoothing: antialiased; color: rgb(96, 96, 96); font-size: 13px;\"><br style=\"-webkit-font-smoothing: antialiased; color: rgb(96, 96, 96); font-size: 13px;\"><span style=\"color: rgb(96, 96, 96); font-size: 13px;\">DTS Virtual :X Menyajikan dimensi lebih pada suara</span><br style=\"-webkit-font-smoothing: antialiased; color: rgb(96, 96, 96); font-size: 13px;\"><span style=\"color: rgb(96, 96, 96); font-size: 13px;\">DTS Virtual :X memberi pengalaman audio multi dimensi</span><br style=\"-webkit-font-smoothing: antialiased; color: rgb(96, 96, 96); font-size: 13px;\"><span style=\"color: rgb(96, 96, 96); font-size: 13px;\">Fitur ini menawarkan audio yang kaya dengan hanya menggunakan speaker bawaan TV</span></font><br></p>																																										','2019-08-13 14:06:36','2019-10-09 14:29:45'),(10,NULL,NULL,'AC Sharp AHA5UCY (0,5 PK - 350 W)','1.200','',NULL,'<p><font face=\"Verdana\"><span style=\"color: rgb(96, 96, 96); font-size: 13px;\">SPESIFIKASI</span><br style=\"-webkit-font-smoothing: antialiased; color: rgb(96, 96, 96); font-size: 13px;\"><span style=\"color: rgb(96, 96, 96); font-size: 13px;\">AC SPLIT</span><br style=\"-webkit-font-smoothing: antialiased; color: rgb(96, 96, 96); font-size: 13px;\"><span style=\"color: rgb(96, 96, 96); font-size: 13px;\">BERSARAN PK : 0.5 PK</span><br style=\"-webkit-font-smoothing: antialiased; color: rgb(96, 96, 96); font-size: 13px;\"><span style=\"color: rgb(96, 96, 96); font-size: 13px;\">DAYA MAXIMAL: 350 Watt</span><br style=\"-webkit-font-smoothing: antialiased; color: rgb(96, 96, 96); font-size: 13px;\"><span style=\"color: rgb(96, 96, 96); font-size: 13px;\">POWER : 5.000 BTU/H</span><br style=\"-webkit-font-smoothing: antialiased; color: rgb(96, 96, 96); font-size: 13px;\"><span style=\"color: rgb(96, 96, 96); font-size: 13px;\">REFRIGERANT : R32</span><br style=\"-webkit-font-smoothing: antialiased; color: rgb(96, 96, 96); font-size: 13px;\"><span style=\"color: rgb(96, 96, 96); font-size: 13px;\">DIMENSI IN : 698 x 250 x 185 mm</span><br style=\"-webkit-font-smoothing: antialiased; color: rgb(96, 96, 96); font-size: 13px;\"><span style=\"color: rgb(96, 96, 96); font-size: 13px;\">BERAT : 9 KG</span><br style=\"-webkit-font-smoothing: antialiased; color: rgb(96, 96, 96); font-size: 13px;\"><span style=\"color: rgb(96, 96, 96); font-size: 13px;\">DIMENSI OUT : 720 x 428 x 310 mm</span><br style=\"-webkit-font-smoothing: antialiased; color: rgb(96, 96, 96); font-size: 13px;\"><span style=\"color: rgb(96, 96, 96); font-size: 13px;\">BERAT : 18 KG</span><br style=\"-webkit-font-smoothing: antialiased; color: rgb(96, 96, 96); font-size: 13px;\"><span style=\"color: rgb(96, 96, 96); font-size: 13px;\">UKURAN PIPA : 1/4 3/8</span></font><br></p>																												','2019-08-13 14:07:15','2019-10-09 14:26:36'),(11,NULL,NULL,'AC Sharp AHA9UCY (1 PK - 750 W)','1.400','',NULL,'<dt class=\"c-deflist__label qa-pd-category-label\" style=\"float: left; clear: left; min-width: 120px; margin-bottom: 6px; color: rgb(51, 51, 51); font-family: &quot;Helvetica Neue&quot;, Helvetica, Arial, sans-serif; font-weight: 400;\">Kategori</dt><dd class=\"c-deflist__value qa-pd-category-value qa-pd-category\" style=\"margin: 0px 0px 6px 138px; padding: 0px; color: rgb(51, 51, 51); font-family: &quot;Helvetica Neue&quot;, Helvetica, Arial, sans-serif;\">AC</dd><dt class=\"c-deflist__label qa-pd-weight-label\" style=\"float: left; clear: left; min-width: 120px; margin-bottom: 6px; color: rgb(51, 51, 51); font-family: &quot;Helvetica Neue&quot;, Helvetica, Arial, sans-serif; font-weight: 400;\">Berat</dt><dd class=\"c-deflist__value qa-pd-weight-value qa-pd-weight\" style=\"margin: 0px 0px 6px 138px; padding: 0px; color: rgb(51, 51, 51); font-family: &quot;Helvetica Neue&quot;, Helvetica, Arial, sans-serif;\">100 gram</dd><dt class=\"c-deflist__label qa-pd-attribute-label\" style=\"float: left; clear: left; min-width: 120px; margin-bottom: 6px; color: rgb(51, 51, 51); font-family: &quot;Helvetica Neue&quot;, Helvetica, Arial, sans-serif; font-weight: 400;\">Merek</dt><dd class=\"c-deflist__value qa-pd-attribute-value\" style=\"margin: 0px 0px 6px 138px; padding: 0px; color: rgb(51, 51, 51); font-family: &quot;Helvetica Neue&quot;, Helvetica, Arial, sans-serif;\"><a target=\"_blank\" href=\"https://www.bukalapak.com/brand/sharp\" style=\"color: rgb(215, 17, 73); line-height: inherit; cursor: pointer; transition: color 0.3s ease-out 0s;\">Sharp</a></dd><dt class=\"c-deflist__label qa-pd-attribute-label\" style=\"float: left; clear: left; min-width: 120px; margin-bottom: 0px; color: rgb(51, 51, 51); font-family: &quot;Helvetica Neue&quot;, Helvetica, Arial, sans-serif; font-weight: 400;\">Kapasitas</dt><dd class=\"c-deflist__value qa-pd-attribute-value\" style=\"margin: 0px 0px 0px 138px; padding: 0px; color: rgb(51, 51, 51); font-family: &quot;Helvetica Neue&quot;, Helvetica, Arial, sans-serif;\">1pk</dd>																												','2019-08-13 14:07:57','2019-10-09 14:25:33'),(12,NULL,NULL,'Polytron PRG-18KTR/V','1.200','',NULL,'<p><span style=\"color: rgb(51, 51, 51); font-family: &quot;Helvetica Neue&quot;, Helvetica, Arial, sans-serif;\">180 Liter</span></p><p><span style=\"color: rgb(51, 51, 51); font-family: &quot;Helvetica Neue&quot;, Helvetica, Arial, sans-serif;\">Single Door</span><span style=\"color: rgb(51, 51, 51); font-family: &quot;Helvetica Neue&quot;, Helvetica, Arial, sans-serif;\"><br></span>																																										</p>','2019-08-13 16:46:01','2019-10-09 14:24:01'),(13,NULL,NULL,'Polytron PRG-21LTR/V','1.600','',NULL,'<font face=\"Verdana\"><span style=\"color: rgb(96, 96, 96); font-size: 13px;\">Fitur Produk</span><br style=\"-webkit-font-smoothing: antialiased; color: rgb(96, 96, 96); font-size: 13px;\"><span style=\"color: rgb(96, 96, 96); font-size: 13px;\">Kulkas 1 pintu</span><br style=\"-webkit-font-smoothing: antialiased; color: rgb(96, 96, 96); font-size: 13px;\"><span style=\"color: rgb(96, 96, 96); font-size: 13px;\">Kapasitas : 220 liter</span><br style=\"-webkit-font-smoothing: antialiased; color: rgb(96, 96, 96); font-size: 13px;\"><span style=\"color: rgb(96, 96, 96); font-size: 13px;\">Konsumsi daya : 160 watt</span><br style=\"-webkit-font-smoothing: antialiased; color: rgb(96, 96, 96); font-size: 13px;\"><span style=\"color: rgb(96, 96, 96); font-size: 13px;\">Dilengkapi dengan fitur hemat energi</span><br style=\"-webkit-font-smoothing: antialiased; color: rgb(96, 96, 96); font-size: 13px;\"><span style=\"color: rgb(96, 96, 96); font-size: 13px;\">Ideal untuk melengkapi kebutuhan rumah tangga sehari-hari</span></font>','2019-08-13 16:46:40','2019-10-09 14:21:39'),(14,NULL,NULL,'Polytron SCN-231L','1.600','',NULL,'<font color=\"#404040\" face=\"Verdana\"><span style=\"font-size: 12px;\">Power : 180 w<br>Volume : 231 L<br>4 Rak</span></font>','2019-08-13 16:47:21','2019-10-09 13:59:45'),(15,NULL,NULL,'Polytron PRM21BN-Red/Blue','1.400','',NULL,'<font face=\"Verdana\"><span style=\"color: rgb(96, 96, 96); font-size: 13px;\">SPESIFIKASI :</span><br style=\"-webkit-font-smoothing: antialiased; color: rgb(96, 96, 96); font-size: 13px;\"><span style=\"color: rgb(96, 96, 96); font-size: 13px;\">- Net Capacity (Liter) : 210 Liter</span><br style=\"-webkit-font-smoothing: antialiased; color: rgb(96, 96, 96); font-size: 13px;\"><span style=\"color: rgb(96, 96, 96); font-size: 13px;\">- Voltage Input : 220v/50hz</span><br style=\"-webkit-font-smoothing: antialiased; color: rgb(96, 96, 96); font-size: 13px;\"><span style=\"color: rgb(96, 96, 96); font-size: 13px;\">- Power Input (Watt) : 140 Watt</span><br style=\"-webkit-font-smoothing: antialiased; color: rgb(96, 96, 96); font-size: 13px;\"><span style=\"color: rgb(96, 96, 96); font-size: 13px;\">- Dimension Product (mm) : 530x528x1395 mm</span><br style=\"-webkit-font-smoothing: antialiased; color: rgb(96, 96, 96); font-size: 13px;\"><span style=\"color: rgb(96, 96, 96); font-size: 13px;\">- Product Weight (Kg) : 41 Kg</span><br style=\"-webkit-font-smoothing: antialiased; color: rgb(96, 96, 96); font-size: 13px;\"><span style=\"color: rgb(96, 96, 96); font-size: 13px;\">- Refrigerant : R 134a</span><br style=\"-webkit-font-smoothing: antialiased; color: rgb(96, 96, 96); font-size: 13px;\"><span style=\"color: rgb(96, 96, 96); font-size: 13px;\">- Capacity : 210L~300L</span></font>																																										','2019-08-13 16:47:57','2019-10-09 13:53:19'),(16,NULL,NULL,'Polytron PRM21HO-Red/Dark Blue','1.600','',NULL,'<p><span style=\"color: rgb(51, 51, 51); font-family: titillium_webregular, Tahoma, Helvetica, Arial, sans-serif; font-size: 13px;\">Capacity&nbsp;</span><span class=\"product-specs__highlights-sub-title\" style=\"border: 0px; font-size: 13px; margin: 0px; padding: 0px; color: rgb(51, 51, 51); font-family: titillium_webregular, Tahoma, Helvetica, Arial, sans-serif;\">Net Total(Liter)&nbsp;</span><span style=\"color: rgb(51, 51, 51); font-family: titillium_webregular, Tahoma, Helvetica, Arial, sans-serif; font-size: 13px;\">&nbsp;</span><span style=\"border: 0px; font-size: 13px; margin: 0px; padding: 0px; color: rgb(51, 51, 51); font-family: titillium_webregular, Tahoma, Helvetica, Arial, sans-serif;\">210</span></p><p><span style=\"color: rgb(51, 51, 51); font-family: titillium_webregular, Tahoma, Helvetica, Arial, sans-serif; font-size: 13px; background-color: rgb(247, 247, 247);\">Tempered Glass Shelves</span><br></p>','2019-08-13 16:50:12','2019-10-09 13:51:18'),(17,NULL,NULL,'Sharp SJ-236ND/FW/FP/FB','1.600','',NULL,'<ul style=\"margin-right: 0px; margin-bottom: 0px; margin-left: 20px; padding: 0px; border: 0px; list-style-position: initial; list-style-image: initial; color: rgb(99, 99, 101); font-family: &quot;Source Sans Pro&quot;, &quot;Helvetica Neue&quot;, Helvetica, Arial, sans-serif; font-size: 12px; letter-spacing: 1px; background-color: rgb(241, 241, 241);\"><li style=\"margin: 0px; padding: 0px; border: 0px;\">New Floral Door</li><li style=\"margin: 0px; padding: 0px; border: 0px;\">Fan Cooling System</li><li style=\"margin: 0px; padding: 0px; border: 0px;\">Extra Big Freezer</li><li style=\"margin: 0px; padding: 0px; border: 0px;\">Tempered Glass Tray</li><li style=\"margin: 0px; padding: 0px; border: 0px;\">LED Lamp</li><li style=\"margin: 0px; padding: 0px; border: 0px;\">Ice Twist</li><li style=\"margin: 0px; padding: 0px; border: 0px;\">Big Crisper</li><li style=\"margin: 0px; padding: 0px; border: 0px;\">Low Wattage and Voltage</li></ul>																																										','2019-08-13 16:50:42','2019-10-09 13:48:26'),(18,NULL,NULL,'Sharp SJ185/195MGF-Red/Blue','1.200','',NULL,'<ul style=\"margin-right: 0px; margin-bottom: 0px; margin-left: 20px; padding: 0px; border: 0px; list-style-position: initial; list-style-image: initial; color: rgb(99, 99, 101); font-family: &quot;Source Sans Pro&quot;, &quot;Helvetica Neue&quot;, Helvetica, Arial, sans-serif; font-size: 12px; letter-spacing: 1px; background-color: rgb(241, 241, 241);\"><li style=\"margin: 0px; padding: 0px; border: 0px;\">Fan Cooling System</li><li style=\"margin: 0px; padding: 0px; border: 0px;\">Big Freezer</li><li style=\"margin: 0px; padding: 0px; border: 0px;\">LED Lamp</li><li style=\"margin: 0px; padding: 0px; border: 0px;\">Fresh Room</li></ul>																																										','2019-08-13 16:51:11','2019-10-09 13:47:21'),(19,NULL,NULL,'Sharp SJ195MDS Red/Silver','1.600','',NULL,'<ul style=\"margin-right: 0px; margin-bottom: 0px; margin-left: 20px; padding: 0px; border: 0px; list-style-position: initial; list-style-image: initial; color: rgb(99, 99, 101); font-size: 12px; letter-spacing: 1px; background-color: rgb(241, 241, 241);\"><li style=\"margin: 0px; padding: 0px; border: 0px;\"><b style=\"\"><font face=\"Verdana\">Fan Cooling System</font></b></li><li style=\"margin: 0px; padding: 0px; border: 0px;\"><b><font face=\"Verdana\">Tempered Glass Tray</font></b></li><li style=\"margin: 0px; padding: 0px; border: 0px;\"><b><font face=\"Verdana\">Big Freezer</font></b></li><li style=\"margin: 0px; padding: 0px; border: 0px;\"><b><font face=\"Verdana\">LED Lamp</font></b></li><li style=\"margin: 0px; padding: 0px; border: 0px;\"><b><font face=\"Verdana\">Fresh Room</font></b></li><li style=\"margin: 0px; padding: 0px; border: 0px;\"><b style=\"\"><font face=\"Verdana\">Automatic Defrost System</font></b></li></ul>','2019-08-13 16:51:45','2019-10-09 13:46:12'),(20,NULL,NULL,'Samsung WA70H4000SG (7 kg)','1.400','',NULL,'Kapasitas 7 kg																												','2019-08-13 16:52:21','2019-10-07 13:16:27'),(21,NULL,NULL,'Polytron PAW9513N (9,5 kg)','1.600','',NULL,'Kapasitas 9,5 kg																												','2019-08-13 16:53:03','2019-10-07 13:15:57'),(22,NULL,NULL,'Polytron PAW75512M/B/S (7 kg)','1.200','',NULL,'Kapasitas 7 kg																																										<br>dengan beberapa pilihan warna','2019-08-13 16:53:35','2019-10-09 13:13:30'),(23,NULL,NULL,'LG T2350VSAM (10 kg)','1.800','',NULL,'Kapasitas 10 kg																												','2019-08-13 16:54:26','2019-10-07 13:13:51'),(24,NULL,NULL,'Pro D Sunny','1.200','',NULL,'Dengan warna hitam putih yang klasik dan kece<br>Bisa menampung hingga tv 42 inc','2019-08-13 16:57:38','2019-10-09 13:17:37'),(25,NULL,NULL,'Pro D Mocca','1.200','',NULL,'Rak TV dengan warna Mocca yang kalem<br>cocok untuk kamu yang punya rumah dengan gaya sederhana','2019-08-13 16:58:04','2019-10-09 13:39:44'),(26,NULL,NULL,'Pro D VOTV 100 + VOSC 40','1.400','',NULL,'* bahan kayu yang kuat<br>* pintu full kaca&nbsp;','2019-08-13 16:58:28','2019-10-09 13:40:50'),(27,NULL,NULL,'Pro D Duwu 170','800','',NULL,'* bahan kayu kuat yang tidak mudah keropos','2019-08-13 16:58:58','2019-10-09 13:41:40'),(28,NULL,NULL,'Pro D Montana','1.200','',NULL,'* bahan kayu kuat yang tidak mudah keropos																																										','2019-08-13 16:59:32','2019-10-09 13:42:00'),(29,NULL,NULL,'Graver VR157','800','',NULL,'* bahan kayu kuat yang tidak mudah keropos																																										','2019-08-13 17:00:00','2019-10-09 13:42:15'),(30,NULL,NULL,'Apanel Sophia SD 2912 SEP','400','',NULL,'* bahan kayu kuat yang tidak mudah keropos																																										','2019-08-13 17:00:43','2019-10-09 13:42:32'),(31,NULL,NULL,'Apanel Sophia DT 5912 SEP','360','',NULL,'* bahan kayu kuat yang tidak mudah keropos																																										','2019-08-13 17:01:11','2019-10-09 13:42:49'),(32,NULL,NULL,'Apanel Sophia WDM 1935 SOF','880','',NULL,'Bahan : Kayu partikel yang kuat dan awet																																																								','2019-08-13 17:01:45','2019-10-09 13:02:49'),(33,NULL,NULL,'Apanel Tsum Tsum WDM 12235-TSM','800','',NULL,'Bahan : Kayu partikel yang kuat dan awet																																																								','2019-08-13 17:02:28','2019-10-09 13:03:04'),(34,NULL,NULL,'Apanel Tsum Tsum SD 22231-TSM','400','',NULL,'Bahan : Kayu partikel yang kuat dan awet																																																								','2019-08-13 17:03:03','2019-10-09 13:03:20'),(35,NULL,NULL,'Apanel Captain WDM 12131 CIV','800','',NULL,'Bahan : Kayu partikel yang kuat dan awet','2019-08-13 17:06:28','2019-10-09 13:02:27'),(36,NULL,NULL,'Apanel WD 112211 HWL','600','',NULL,'* Lemari pakaian dengan motif yang di sukai anak-anak','2019-08-13 17:07:13','2019-10-09 13:01:46'),(37,NULL,NULL,'Apanel SD 21221 HWL','1.600','',NULL,'* Meja belajar bernahan kayu partikel yang awet','2019-08-13 17:07:39','2019-10-09 13:00:35'),(38,NULL,NULL,'Graver Anata Set','3.200','',NULL,'*Kitchen set dengan bahan kayu yang tidak mudah keropos<br>*membuat dapur anda terlihat rapi dan mewah','2019-08-13 17:08:15','2019-10-09 12:59:43'),(39,NULL,NULL,'Montana Bulat 6 Kursi','1.000','',NULL,'_6 Kursi	<br>_Meja dengan lapisan kaca di atas nya','2019-08-13 17:08:49','2019-10-09 12:57:55'),(40,NULL,NULL,'Pro D MM Sonya Kaca 4 Kursi','1.000','',NULL,'_4 Kursi																																										<br>_Meja dengan lapisan kaca di atas nya','2019-08-13 17:09:23','2019-10-09 12:57:30'),(41,NULL,NULL,'New Espresso Kerang 4 Kursi','1.000','',NULL,'<p>4 Kursi<br>Meja degan lapisan kaca di atas</p><p>																																																								</p>','2019-08-13 17:10:09','2019-10-09 12:56:45'),(42,NULL,NULL,'Dahlia Kitchen Set','2.200','',NULL,'Kitchen set Atas dan Bawah&nbsp;<br>Motif bunga yang lucu<br>Bahan kayu yang tidak mudah keropos','2019-08-13 17:11:26','2019-10-09 12:54:13'),(43,NULL,NULL,'Sofa 321 Enzo','2.800','',NULL,'<ul><li>Dudukan sofa FULL kulit</li><li>Memakai busa FULL lembaran yang tidak mudah kempes</li><li>Harga sudah termasuk MEJA dan KARPET</li></ul>																																																																																				','2019-08-13 17:13:58','2019-10-09 12:54:50'),(44,NULL,NULL,'Sofa L Kenzo','1.600','',NULL,'<ul><li>Bahan menggunakan FULL oscar</li><li>Dudukan sofa FULL per bergaransi 1 tahun</li><li>Memakai busa FULL lembaran yang tidak mudah kempes</li><li>Harga sudah termasuk MEJA dan KARPET</li></ul>																																																								','2019-08-13 17:14:18','2019-10-07 12:55:58'),(45,NULL,NULL,'Sofa 321 Roma Lemon','2.000','',NULL,'<ul><li>Bahan menggunakan FULL oscar</li><li>Dudukan sofa FULL per bergaransi 1 tahun</li><li>Memakai busa FULL lembaran yang tidak mudah kempes</li><li>Harga sudah termasuk MEJA dan KARPET</li></ul>																																																								','2019-08-13 17:14:43','2019-10-07 13:06:02'),(46,NULL,NULL,'Sofa 321 Bravo','2.800','',NULL,'<p>Sofa premium super empuk + karpet																																																																						<br>Berbahan Kulit yang Elegan&nbsp;</p><ul><li>Dudukan sofa FULL per bergaransi 1 tahun</li><li>Memakai busa FULL lembaran yang tidak mudah kempes</li><li>Harga sudah termasuk MEJA dan KARPET</li></ul><p>														</p>','2019-08-13 17:15:07','2019-10-09 12:52:36'),(47,NULL,NULL,'Sofa L Gracia','1.600','',NULL,'<ul><li>Bahan menggunakan FULL oscar Chesterfield</li><li>Dudukan sofa FULL per bergaransi 1 tahun</li><li>Memakai busa FULL lembaran yang tidak mudah kempes</li><li>Harga sudah termasuk MEJA dan KARPET</li></ul>																																																																						','2019-08-13 17:15:33','2019-10-07 12:54:56'),(48,NULL,NULL,'KTM L Mahkota Mas','2.400','',NULL,'Kursi L kayu&nbsp;<br>Memberi kesan hangat pada ruangan&nbsp;','2019-08-13 17:21:20','2019-10-09 12:49:16'),(49,NULL,NULL,'MM Jepara','2.400','',NULL,'<p>Meja makan berbahan kayu jati</p><p>Motif emas yang elegan / mewah</p>','2019-08-13 17:21:46','2019-10-09 12:48:13'),(50,NULL,NULL,'Sofa Exclusive','2.800','',NULL,'Sofa premium super empuk dengan warna kalem yang elegan','2019-08-13 17:22:12','2019-10-09 12:47:04'),(51,NULL,NULL,'Sofa 321 Aurora','2.000','',NULL,'Sofa premium super empuk','2019-08-13 17:22:45','2019-10-09 12:46:15'),(52,NULL,NULL,'Sofa 211 Peru','1.800','',NULL,'Sofa premium super empuk (kulit) + karpet																																																																																				','2019-08-13 17:23:11','2019-10-09 12:45:45'),(53,NULL,NULL,'Sofa L November','2.600','',NULL,'Sofa premium super empuk (cocok di taruh di sudut ruangan) + karpet																																																																						','2019-08-13 17:24:56','2019-10-09 12:45:18'),(54,NULL,NULL,'Sofa L Black White','2.600','',NULL,'Sofa premium super empuk (cocok di taruh di sudut ruangan)&nbsp;+ karpet																																																																						','2019-08-13 17:26:05','2019-10-09 12:44:45'),(55,NULL,NULL,'Sofa 211 Premium Maroon','2.000','',NULL,'Sofa premium super empuk + karpet																																																								','2019-08-13 17:26:32','2019-10-09 12:44:06'),(56,NULL,NULL,'Sofa 211 Premium Jamrud','2.000','',NULL,'Sofa premium super empuk + karpet','2019-08-13 17:27:10','2019-10-09 12:43:52'),(57,NULL,NULL,'KTM Mawar Oscar 3111','1200','',NULL,'Sofa empuk berbahan KAYU JATI','2019-08-13 17:27:39','2019-10-09 12:41:29'),(58,NULL,NULL,'Jati Lois Bolong 3111','800','',NULL,'Sofa empuk<br>Bahan kayu (kayu jati)','2019-08-13 17:28:04','2019-10-09 12:40:54'),(59,NULL,NULL,'Airland New Eco','2.200','',NULL,'<p>- Tebal Matras 25 cm</p><p>- Jenis Matras Soft (Empuk)</p><p>- Garansi Per 10 Tahun														</p>																												','2019-08-13 18:10:00','2019-10-07 12:48:28'),(60,NULL,NULL,'Central Deluxe Gladia Silver','1.600','',NULL,'SpirngBed ukuran Besar																																																								','2019-08-13 18:10:24','2019-10-09 12:39:39'),(61,NULL,NULL,'Central Deluxe Qatar 160x200','1.600','',NULL,'SpirngBed ukuran Besar','2019-08-13 18:10:40','2019-10-09 12:38:55'),(62,NULL,NULL,'Central Deluxe Bionic Blue Bianca 160','1.600','',NULL,'SpirngBed ukuran Besar&nbsp;','2019-08-13 18:11:01','2019-10-09 12:38:26'),(63,NULL,NULL,'Central Deluxe Bionic Brown Jasmine 160','1600','',NULL,'SpirngBed Ukuran Besar&nbsp;','2019-08-13 18:11:22','2019-10-09 12:38:05'),(64,NULL,NULL,'BIGLAND Charmy Kitty 120','1200','',NULL,'SpirngBed Besar + Kecil																																										','2019-08-13 18:11:46','2019-10-09 12:37:30'),(65,NULL,NULL,'BIGLAND Superman 120','1200','',NULL,'SpirngBed Besar + Kecil																																										','2019-08-13 18:12:13','2019-10-09 12:37:16'),(66,NULL,NULL,'BIGLAND 2in1 Tsum Tsum 120x200','1.200','',NULL,'SpirngBed Besar + Kecil','2019-08-13 18:12:36','2019-10-09 12:36:58'),(67,NULL,NULL,'Central Deluxe 2in1 Asia 90x200','1.000','',NULL,'Spingbed Besar + Kecil','2019-08-13 18:13:05','2019-10-09 12:35:43'),(68,NULL,NULL,'Pro D Ibiza WD 3','3.400','',NULL,'<p>-Kasur/Spirngbed<br>-Meja Rias<br>-Lemari Pakaian</p><p>FREE TV Sharp 32\"																																																																						</p>','2019-08-13 18:13:58','2019-10-09 12:34:54'),(69,NULL,NULL,'Pro D VOWD 2','2.400','',NULL,'-Kasur/Spirngbed<br>-Meja Rias<br>-Lemari Pakaian																																																																						','2019-08-13 18:15:55','2019-10-09 12:33:52'),(70,NULL,NULL,'Pro D Ibiza 2 Full Kaca','2.600','',NULL,'UPGRADE +50 HKD bonus TV Sharp 24\"																																																																																				<br>-Kasur/Spirngbed<br>-Meja Rias<br>-Lemari Pakaian<br>','2019-08-13 18:16:46','2019-10-09 12:33:08'),(71,NULL,NULL,'Graver Anata Set','3.200','',NULL,'<p>Cukup tambah +50 HKD bonus TV Sharp 24\"<br>-Kasur/Spirngbed<br>-Lemari Pakaian<br></p><p>																																																																						</p>','2019-08-13 18:17:23','2019-10-09 12:32:10'),(72,NULL,NULL,'KEA Panel Batman & Superman Set','2.200','',NULL,'<p>-Kasur/Spirngbed<br>-Meja Belajar<br>-Lemari Pakaian</p><p>-LokerBox</p><p>																																																								</p>','2019-08-13 18:17:52','2019-10-09 12:29:24'),(73,NULL,NULL,'KEA Sofia','2.000','',NULL,'<p>-Kasur/Spirngbed<br>-Meja Belajar<br>-Lemari Pakaian</p><p>-Meja Rias</p><p><br></p><p>																																																								</p>','2019-08-13 18:18:21','2019-10-09 12:28:36'),(74,NULL,NULL,'KEA Charmy Kitty','2.200','',NULL,'-Kasur/Spirngbed<br>-Meja Belajar<br>-Lemari Pakaian','2019-08-13 18:18:55','2019-10-09 12:27:35'),(75,NULL,NULL,'KEA Spiderman Set','2.200','',NULL,'-Kasur/Springbed<br>-Meja Belajar<br>-Lemari Pakaian<br>-LokerBox','2019-08-13 18:19:24','2019-10-09 12:26:15'),(76,NULL,NULL,'KEA Frozen Set','2.600','',NULL,'-Meja Rias<br>-Kasur/Springbed<br>-Meja Belajar<br>-Lemari Pakaian','2019-08-13 18:19:50','2019-10-09 12:24:33'),(77,NULL,NULL,'Apanel Tsum Set','2.200','',NULL,'-Lemari Pakaian<br>-Meja Belajar<br>-SringBed<br>-LokerBox','2019-08-13 18:20:14','2019-10-09 12:23:17'),(78,NULL,NULL,'Scoopy Stylish Matte','5,200','',NULL,'<ul><li>GRATIS Helm + Jaket</li><li>GRATIS Asuransi 1 tahun</li></ul>														','2019-08-13 18:22:32','2019-10-07 12:33:23'),(79,NULL,NULL,'Beat Pop ESP','4,400','',NULL,'<ul><li>GRATIS Helm + Jaket</li><li>GRATIS Asuransi 1 tahun</li></ul>														','2019-08-13 18:23:28','2019-10-07 12:32:55'),(80,NULL,NULL,'Vario 110 ESP Matte','5,000','',NULL,'<ul><li>GRATIS Helm + Jaket</li><li>GRATIS Asuransi 1 tahun</li></ul>														','2019-08-13 18:24:04','2019-10-07 12:32:22'),(81,NULL,NULL,'Supra X 125 F1 Energetic','5200','',NULL,'<ul><li>GRATIS Helm + Jaket</li><li>GRATIS Asuransi 1 tahun</li></ul>														','2019-08-13 18:24:40','2019-10-07 12:31:28'),(82,NULL,NULL,'Revo X F1 2018 Quantum','4400','',NULL,'<ul><li>GRATIS Helm + Jaket</li><li>GRATIS Asuransi 1 tahun</li></ul>														','2019-08-13 18:25:15','2019-10-07 12:30:39'),(83,NULL,NULL,'Lexi 2018','5800','',NULL,'<ul><li>GRATIS Helm + Jaket</li><li>GRATIS Asuransi 1 tahun</li></ul>														','2019-08-13 18:26:15','2019-10-07 12:30:11'),(84,NULL,NULL,'Mio M3 125cc 2018','4400','',NULL,'<ul><li>GRATIS Helm + Jaket</li><li>GRATIS Asuransi 1 tahun</li></ul>														','2019-08-13 18:26:50','2019-10-07 12:29:39'),(85,NULL,NULL,'Vega Force 2018','4400','',NULL,'<ul><li>GRATIS Helm + Jaket</li><li>GRATIS Asuransi 1 tahun</li></ul>														','2019-08-13 18:27:21','2019-10-07 12:26:44'),(86,NULL,NULL,'Soul GT AKS 2018 BR','4800','',NULL,'<ul><li>GRATIS Helm + Jaket</li><li>GRATIS Asuransi 1 tahun</li></ul>																																										','2019-08-13 18:27:47','2019-10-07 12:28:44'),(87,NULL,NULL,'Jupiter Z1 2018','4800','',NULL,'<ul><li>GRATIS Helm + Jaket</li><li>GRATIS Asuransi 1 tahun</li></ul>																												','2019-08-13 18:28:16','2019-10-07 12:25:28'),(88,NULL,NULL,'Samsung Galaxy A20 (3GB/32GB) Dual SIM','2000','1500',NULL,'<ul><li style=\"line-height: 24px;\">Dual SIM Card</li><li style=\"line-height: 24px;\">Warna: Hitam</li><li style=\"line-height: 24px;\">Layar: 6.4”</li><li style=\"line-height: 24px;\">RAM: 3 GB</li><li style=\"line-height: 24px;\">Internal Memory: 32 GB</li><li style=\"line-height: 24px;\">Kamera Depan: 8 MP</li><li style=\"line-height: 24px;\">Kamera Belakang: 18 MP</li><li style=\"line-height: 24px;\">Garansi Resmi Pabrik 1 tahun</li></ul><div></div>																																																																						','2019-08-13 18:39:36','2019-10-14 12:47:27'),(89,NULL,NULL,'Samsung Galaxy A40s (6GB/64GB) Dual SIM','2400','',NULL,'<ul><li>Dual SIM Card</li><li>Warna: Hitam</li><li>Layar: 6.4”</li><li>RAM: 6 GB</li><li>Internal Memory: 64 GB</li><li>Kamera Depan: 16 MP</li><li>Kamera Belakang: 23 MP</li><li>Garansi Resmi Pabrik 1 tahun</li></ul>																																																								','2019-08-13 18:40:38','2019-09-16 10:49:02'),(90,NULL,NULL,'Samsung Galaxy A60 (6GB/128GB) Dual SIM','2700','',NULL,'<ul style=\"margin-bottom: 1rem; caret-color: rgb(119, 119, 119); color: rgb(119, 119, 119); font-family: \"Open Sans\", Arial, sans-serif; font-size: 13px; -webkit-text-size-adjust: 100%;\"><li style=\"line-height: 24px;\">Dual SIM Card</li><li style=\"line-height: 24px;\">Warna: Hitam, Gold</li><li style=\"line-height: 24px;\">Layar: 6.3”</li><li style=\"line-height: 24px;\">RAM: 6 GB</li><li style=\"line-height: 24px;\">Internal Memory: 128 GB</li><li style=\"line-height: 24px;\">Kamera Depan: 16 MP</li><li style=\"line-height: 24px;\">Kamera Belakang: 45 MP</li><li style=\"line-height: 24px;\">Garansi Resmi Pabrik 1 tahun</li></ul>																												','2019-08-13 18:42:07','2019-09-16 10:44:46'),(91,NULL,NULL,'Samsung Galaxy A70 (6GB/128GB) Dual SIM','4200','',NULL,'<ul open=\"\" sans\",=\"\" arial,=\"\" sans-serif;=\"\" font-size:=\"\" 13px;=\"\" -webkit-text-size-adjust:=\"\" 100%;\"=\"\" style=\"margin-bottom: 1rem; caret-color: rgb(119, 119, 119); color: rgb(119, 119, 119); font-family: &quot;Open Sans&quot;, Arial, sans-serif; font-size: 13px; -webkit-text-size-adjust: 100%;\"><li style=\"line-height: 24px;\">Dual SIM Card</li><li style=\"line-height: 24px;\">Warna: Hitam, Biru, White, Coral</li><li style=\"line-height: 24px;\">Layar: 6.7”</li><li style=\"line-height: 24px;\">RAM: 6 GB</li><li style=\"line-height: 24px;\">Internal Memory: 128 GB</li><li style=\"line-height: 24px;\">Kamera Depan: 32 MP</li><li style=\"line-height: 24px;\">Kamera Belakang: 45 MP</li><li style=\"line-height: 24px;\">Garansi Resmi Pabrik 1 tahun</li></ul>														','2019-08-13 18:42:51','2019-09-16 10:47:51'),(92,NULL,NULL,'Samsung Galaxy A9 (6GB/128GB) Dual SIM','3200','',NULL,'<ul open=\"\" sans\",=\"\" arial,=\"\" sans-serif;=\"\" font-size:=\"\" 13px;=\"\" -webkit-text-size-adjust:=\"\" 100%;\"=\"\" style=\"margin-bottom: 1rem; caret-color: rgb(119, 119, 119); color: rgb(119, 119, 119); font-family: \"Open Sans\", Arial, sans-serif; font-size: 13px; -webkit-text-size-adjust: 100%;\"><li style=\"line-height: 24px;\">Dual SIM Card</li><li style=\"line-height: 24px;\">Warna: Hitam, Biru, Pink</li><li style=\"line-height: 24px;\">Layar: 6.3”</li><li style=\"line-height: 24px;\">RAM: 6 GB</li><li style=\"line-height: 24px;\">Internal Memory: 128 GB</li><li style=\"line-height: 24px;\">Kamera Depan: 24 MP</li><li style=\"line-height: 24px;\">Kamera Belakang: 47 MP</li><li style=\"line-height: 24px;\">Garansi Resmi Pabrik 1 tahun</li></ul>																																										','2019-08-13 18:43:30','2019-09-16 10:48:38'),(93,NULL,NULL,'Samsung Galaxy A8s (6GB/128GB) Dual SIM','3400','',NULL,'<ul style=\"margin-bottom: 1rem; caret-color: rgb(119, 119, 119); color: rgb(119, 119, 119); font-family: \" open=\"\" sans\",=\"\" arial,=\"\" sans-serif;=\"\" font-size:=\"\" 13px;=\"\" -webkit-text-size-adjust:=\"\" 100%;\"=\"\"><li style=\"line-height: 24px;\">Dual SIM Card</li><li style=\"line-height: 24px;\">Warna: Hitam, Biru</li><li style=\"line-height: 24px;\">Layar: 6.4”</li><li style=\"line-height: 24px;\">RAM: 6 GB</li><li style=\"line-height: 24px;\">Internal Memory: 128 GB</li><li style=\"line-height: 24px;\">Kamera Depan: 24 MP</li><li style=\"line-height: 24px;\">Kamera Belakang: 39 MP</li><li style=\"line-height: 24px;\">Garansi Resmi Pabrik 1 tahun</li></ul>																																										','2019-08-13 18:44:21','2019-09-16 10:35:00'),(94,NULL,NULL,'Samsung Galaxy A6 Plus (4GB/64GB)','3000','',NULL,'<ul open=\"\" sans\",=\"\" arial,=\"\" sans-serif;=\"\" font-size:=\"\" 13px;=\"\" -webkit-text-size-adjust:=\"\" 100%;\"=\"\" style=\"margin-bottom: 1rem; caret-color: rgb(119, 119, 119); color: rgb(119, 119, 119); font-family: \"><li style=\"line-height: 24px;\">Dual SIM Card</li><li style=\"line-height: 24px;\">Warna: Hitam, Biru</li><li style=\"line-height: 24px;\">Layar: 6”</li><li style=\"line-height: 24px;\">RAM: 4 GB</li><li style=\"line-height: 24px;\">Internal Memory: 64 GB</li><li style=\"line-height: 24px;\">Kamera Depan: 24 MP</li><li style=\"line-height: 24px;\">Kamera Belakang: 21 MP</li><li style=\"line-height: 24px;\">Garansi Resmi Pabrik 1 tahun</li></ul>																												','2019-08-13 18:44:56','2019-09-16 10:43:36'),(95,NULL,NULL,'Samsung Galaxy A7 (4GB/128GB) Dual SIM','2300','',NULL,'<ul style=\"margin-bottom: 1rem; caret-color: rgb(119, 119, 119); color: rgb(119, 119, 119); font-family: \"Open Sans\", Arial, sans-serif; font-size: 13px; -webkit-text-size-adjust: 100%;\"><li style=\"line-height: 24px;\">Dual SIM Card</li><li style=\"line-height: 24px;\">Warna: Hitam, Pink</li><li style=\"line-height: 24px;\">Layar: 6”</li><li style=\"line-height: 24px;\">RAM: 4 GB</li><li style=\"line-height: 24px;\">Internal Memory: 128 GB</li><li style=\"line-height: 24px;\">Kamera Depan: 24 MP</li><li style=\"line-height: 24px;\">Kamera Belakang: 37 MP</li><li style=\"line-height: 24px;\">Garansi Resmi Pabrik 1 tahun</li></ul>																												','2019-08-13 18:45:36','2019-09-16 10:35:24'),(96,NULL,NULL,'Samsung Galaxy TAB A 10.1” LTE 2019','3100','',NULL,'<ul open=\"\" sans\",=\"\" arial,=\"\" sans-serif;=\"\" font-size:=\"\" 13px;=\"\" -webkit-text-size-adjust:=\"\" 100%;\"=\"\" style=\"margin-bottom: 1rem; caret-color: rgb(119, 119, 119); color: rgb(119, 119, 119); font-family: \"Open Sans\", Arial, sans-serif; font-size: 13px; -webkit-text-size-adjust: 100%;\"><li style=\"line-height: 24px;\">Model T515</li><li style=\"line-height: 24px;\">Warna: Hitam, Gold</li><li style=\"line-height: 24px;\">Layar: 10.1”</li><li style=\"line-height: 24px;\">RAM: 3 GB</li><li style=\"line-height: 24px;\">Internal Memory: 32 GB</li><li style=\"line-height: 24px;\">Kamera Depan: 5 MP</li><li style=\"line-height: 24px;\">Kamera Belakang: 8 MP</li><li style=\"line-height: 24px;\">Garansi Resmi Pabrik 1 tahun</li></ul>																																																								','2019-08-13 18:46:20','2019-09-16 10:53:03'),(97,NULL,NULL,'Samsung Galaxy TAB A 8.0 LTE 2019','2000','1700',NULL,'<ul open=\"\" sans\",=\"\" arial,=\"\" sans-serif;=\"\" font-size:=\"\" 13px;=\"\" -webkit-text-size-adjust:=\"\" 100%;\"=\"\" style=\"margin-bottom: 1rem; caret-color: rgb(119, 119, 119); color: rgb(119, 119, 119); font-family: \"><li style=\"line-height: 24px;\">Model T295</li><li style=\"line-height: 24px;\">Warna: Hitam, Silver<br></li><li style=\"line-height: 24px;\">Layar: 8.0”</li><li style=\"line-height: 24px;\">RAM: 2 GB</li><li style=\"line-height: 24px;\">Internal Memory: 32 GB</li><li style=\"line-height: 24px;\">Kamera Depan: 2 MP</li><li style=\"line-height: 24px;\">Kamera Belakang: 8 MP</li><li style=\"line-height: 24px;\">Garansi Resmi Pabrik 1 tahun</li></ul>																																																								','2019-08-13 18:46:57','2019-10-14 12:49:41'),(98,NULL,NULL,'Xiaomi MI 9T (6GB/128GB) Dual SIM','3000','',NULL,'<ul><li>Dual SIM Card</li><li>Warna: Hitam, Merah, Biru</li><li>Layar: 6.39”</li><li>RAM: 6 GB</li><li>Internal Memory: 128 GB</li><li>Kamera Depan: 20 MP</li><li>Kamera Belakang: 69 MP</li><li>Garansi Resmi Pabrik 1 tahun</li></ul>																												','2019-08-13 18:47:40','2019-09-16 10:35:53'),(99,NULL,NULL,'Xiaomi MI A2 (4GB/64GB) Dual SIM','1700','',NULL,'<ul><li>Dual SIM Card</li><li>Warna: Hitam, Gold</li><li>Layar: 5.99”</li><li>RAM: 4 GB</li><li>Internal Memory: 64 GB</li><li>Kamera Depan: 20 MP</li><li>Kamera Belakang: 32 MP</li><li>Garansi Resmi Pabrik 1 tahun</li></ul>																																																																																																		','2019-08-13 18:48:07','2019-09-16 10:36:12'),(100,NULL,NULL,'Xiaomi Redmi 7 (3GB/32GB) Dual SIM','1500','1200',NULL,'<ul><li>Dual SIM Card</li><li>Warna: Hitam, Merah</li><li>Layar: 6.2”</li><li>RAM: 3 GB</li><li>Internal Memory: 32 GB</li><li>Kamera Depan: 8 MP</li><li>Kamera Belakang: 14 MP</li><li>Garansi Resmi Pabrik 1 tahun</li></ul>																																																																																																																','2019-08-13 18:49:32','2019-10-14 12:48:53'),(101,NULL,NULL,'Xiaomi Redmi Note 7 (4GB/128GB) Dual SIM','2000','',NULL,'<ul><li>Dual SIM Card</li><li>Warna: Hitam, Biru</li><li>Layar: 6.3”</li><li>RAM: 4 GB</li><li>Internal Memory: 128 GB</li><li>Kamera Depan: 13 MP</li><li>Kamera Belakang: 53 MP</li><li>Garansi Resmi Pabrik 1 tahun</li></ul>																																																																																																																																												','2019-08-13 18:50:13','2019-09-16 10:36:56'),(102,NULL,NULL,'ASUS X509FB-0041G8265U','7000','6500',NULL,'<ul><li>System Intel <b>Core i5-8265U</b></li><li>Memory <b>RAM 4GB</b> DDR4</li><li><b>HARDISK 1TB</b> 5400 + 128Gb SDD</li><li><b>Layar 15.6”</b> FHD 1920x1080</li><li>Teknologi Wi-Fi + Bluetooth</li><li><b>Windows 10</b> Home Original</li><li>Weight 1.9 Kg</li></ul>																																										','2019-10-14 12:42:52','2019-10-15 08:33:09'),(103,NULL,NULL,'LENOVO L340-15IWL','6900','6400',NULL,'<ul><li>System Intel <b>Core i3-8145U</b></li><li>Memory <b>RAM</b> <b>8GB</b> DDR4</li><li>HARDISK <b>500GB</b></li><li><b>Layar 15.6”</b> FHD 1920x1080</li><li>Teknologi Wi-Fi + Bluetooth</li><li><b>Windows 10</b> Home Original</li></ul>																																																								','2019-10-15 08:24:45','2019-10-15 08:32:12'),(104,NULL,NULL,'ACER S40-20-31Z1','6000','5700',NULL,'<ul><li>System Intel <b>Core i3</b>-8145U</li><li>Memory <b>RAM 4GB</b> DDR4</li><li>HARDISK <b>256GB</b> SSD</li><li><b>Layar 14”</b> FHD 1920x1080</li><li>Teknologi Wi-Fi + Bluetooth</li><li><b>Windows 10</b> Home Original</li><li>Weight 1,7Kg</li></ul>														','2019-10-15 08:50:24',NULL),(105,NULL,NULL,NULL,NULL,NULL,NULL,NULL,'2019-10-15 09:11:21',NULL),(106,NULL,NULL,NULL,NULL,NULL,NULL,NULL,'2019-10-15 09:15:15',NULL),(107,NULL,NULL,'HP 15s-du0005TX','7000','6600',NULL,'<ul><li>System Intel <b>Core i5-8265U</b></li><li>Memory <b>RAM 4GB</b> DDR4</li><li><b>HARDISK 1TB</b> 5400 + 128GB SSD</li><li><b>Layar 15.6”</b> <b>FHD</b> 1920x1080</li><li>Teknologi Wi-Fi + Bluetooth</li><li><b>Windows 10</b> Home Original</li><li>Dual Speakers</li><li>Weight 1.9 Kg</li></ul>																												','2019-10-15 09:17:22','2019-10-15 09:18:41');
/*!40000 ALTER TABLE `p_products` ENABLE KEYS */;
UNLOCK TABLES;

--
-- Table structure for table `s_category_view`
--

DROP TABLE IF EXISTS `s_category_view`;
/*!40101 SET @saved_cs_client     = @@character_set_client */;
/*!50503 SET character_set_client = utf8mb4 */;
CREATE TABLE `s_category_view` (
  `id_category_view` int(10) NOT NULL AUTO_INCREMENT,
  `id_categories` int(10) DEFAULT NULL,
  `created_at` datetime DEFAULT NULL,
  `updated_at` datetime DEFAULT NULL,
  PRIMARY KEY (`id_category_view`)
) ENGINE=InnoDB AUTO_INCREMENT=994 DEFAULT CHARSET=latin1;
/*!40101 SET character_set_client = @saved_cs_client */;

--
-- Dumping data for table `s_category_view`
--

LOCK TABLES `s_category_view` WRITE;
/*!40000 ALTER TABLE `s_category_view` DISABLE KEYS */;
INSERT INTO `s_category_view` VALUES (419,2,'2019-09-10 08:36:06',NULL),(420,2,'2019-09-10 08:36:12',NULL),(421,7,'2019-09-13 00:26:44',NULL),(422,1,'2019-09-13 00:26:58',NULL),(423,5,'2019-09-13 08:05:53',NULL),(424,3,'2019-09-13 09:18:40',NULL),(425,8,'2019-09-15 21:33:44',NULL),(426,5,'2019-09-16 16:00:18',NULL),(427,2,'2019-09-17 15:22:55',NULL),(428,8,'2019-09-17 15:23:42',NULL),(429,8,'2019-09-17 15:28:24',NULL),(430,1,'2019-10-07 12:25:30',NULL),(431,8,'2019-10-07 12:25:36',NULL),(432,4,'2019-10-07 13:02:44',NULL),(433,3,'2019-10-07 15:48:51',NULL),(434,2,'2019-10-08 09:10:48',NULL),(435,1,'2019-10-08 09:18:24',NULL),(436,2,'2019-10-08 09:24:42',NULL),(437,2,'2019-10-08 09:25:35',NULL),(438,2,'2019-10-08 09:26:26',NULL),(439,2,'2019-10-08 09:26:57',NULL),(440,2,'2019-10-08 09:33:38',NULL),(441,8,'2019-10-09 15:27:23',NULL),(442,8,'2019-10-09 15:28:42',NULL),(443,8,'2019-10-09 15:31:03',NULL),(444,8,'2019-10-09 15:32:38',NULL),(445,7,'2019-10-09 15:34:07',NULL),(446,7,'2019-10-09 15:46:28',NULL),(447,7,'2019-10-09 15:46:29',NULL),(448,7,'2019-10-09 16:07:11',NULL),(449,8,'2019-10-10 10:55:36',NULL),(450,8,'2019-10-10 10:55:57',NULL),(451,8,'2019-10-10 10:56:22',NULL),(452,8,'2019-10-10 10:57:48',NULL),(453,8,'2019-10-10 10:58:30',NULL),(454,8,'2019-10-10 11:12:43',NULL),(455,8,'2019-10-10 11:16:46',NULL),(456,2,'2019-10-10 13:59:17',NULL),(457,8,'2019-10-10 13:59:25',NULL),(458,8,'2019-10-10 14:00:35',NULL),(459,1,'2019-10-10 14:22:01',NULL),(460,3,'2019-10-10 14:43:51',NULL),(461,8,'2019-10-10 16:31:00',NULL),(462,1,'2019-10-10 16:55:29',NULL),(463,3,'2019-10-10 17:28:46',NULL),(464,2,'2019-10-10 17:28:48',NULL),(465,7,'2019-10-10 17:28:59',NULL),(466,1,'2019-10-10 17:29:02',NULL),(467,1,'2019-10-10 17:29:04',NULL),(468,2,'2019-10-10 17:29:16',NULL),(469,1,'2019-10-10 17:30:16',NULL),(470,5,'2019-10-10 17:30:30',NULL),(471,2,'2019-10-10 17:30:35',NULL),(472,2,'2019-10-10 17:30:35',NULL),(473,2,'2019-10-10 17:30:35',NULL),(474,3,'2019-10-10 17:30:38',NULL),(475,8,'2019-10-11 11:19:28',NULL),(476,8,'2019-10-11 15:50:12',NULL),(477,8,'2019-10-11 19:42:30',NULL),(478,3,'2019-10-11 21:01:26',NULL),(479,1,'2019-10-11 21:01:37',NULL),(480,3,'2019-10-11 21:03:16',NULL),(481,1,'2019-10-11 21:03:29',NULL),(482,1,'2019-10-11 21:04:15',NULL),(483,1,'2019-10-11 21:05:56',NULL),(484,1,'2019-10-11 21:06:33',NULL),(485,2,'2019-10-11 21:10:41',NULL),(486,5,'2019-10-11 21:10:49',NULL),(487,7,'2019-10-11 21:10:56',NULL),(488,1,'2019-10-11 22:21:35',NULL),(489,1,'2019-10-11 22:23:44',NULL),(490,1,'2019-10-11 22:33:26',NULL),(491,1,'2019-10-11 23:12:43',NULL),(492,8,'2019-10-12 09:57:19',NULL),(493,8,'2019-10-12 10:50:38',NULL),(494,1,'2019-10-12 10:50:57',NULL),(495,8,'2019-10-12 10:51:00',NULL),(496,8,'2019-10-12 13:34:52',NULL),(497,1,'2019-10-12 17:06:57',NULL),(498,2,'2019-10-12 17:07:03',NULL),(499,1,'2019-10-12 17:07:11',NULL),(500,1,'2019-10-12 17:09:41',NULL),(501,1,'2019-10-12 17:09:45',NULL),(502,1,'2019-10-12 17:33:50',NULL),(503,1,'2019-10-12 18:03:38',NULL),(504,1,'2019-10-12 18:03:58',NULL),(505,1,'2019-10-12 18:04:37',NULL),(506,1,'2019-10-12 18:05:11',NULL),(507,1,'2019-10-12 19:43:50',NULL),(508,1,'2019-10-12 19:43:53',NULL),(509,1,'2019-10-12 19:43:55',NULL),(510,1,'2019-10-12 19:43:57',NULL),(511,1,'2019-10-12 19:43:59',NULL),(512,1,'2019-10-12 19:44:17',NULL),(513,1,'2019-10-12 19:45:51',NULL),(514,8,'2019-10-12 22:29:33',NULL),(515,1,'2019-10-13 09:06:28',NULL),(516,1,'2019-10-13 09:06:35',NULL),(517,1,'2019-10-13 09:06:40',NULL),(518,8,'2019-10-13 14:24:12',NULL),(519,8,'2019-10-14 09:46:36',NULL),(520,8,'2019-10-14 10:55:11',NULL),(521,8,'2019-10-14 12:46:19',NULL),(522,8,'2019-10-14 12:46:34',NULL),(523,8,'2019-10-14 12:47:31',NULL),(524,8,'2019-10-14 12:49:03',NULL),(525,8,'2019-10-14 12:49:45',NULL),(526,8,'2019-10-14 14:01:36',NULL),(527,2,'2019-10-14 14:04:31',NULL),(528,8,'2019-10-14 14:04:34',NULL),(529,8,'2019-10-14 14:21:18',NULL),(530,2,'2019-10-14 20:47:56',NULL),(531,8,'2019-10-14 20:51:31',NULL),(532,8,'2019-10-14 20:51:51',NULL),(533,8,'2019-10-14 20:51:55',NULL),(534,3,'2019-10-14 20:52:25',NULL),(535,3,'2019-10-14 20:52:32',NULL),(536,3,'2019-10-14 20:52:36',NULL),(537,3,'2019-10-14 20:52:40',NULL),(538,4,'2019-10-14 20:52:44',NULL),(539,5,'2019-10-14 20:52:55',NULL),(540,6,'2019-10-14 20:53:04',NULL),(541,7,'2019-10-14 20:53:58',NULL),(542,8,'2019-10-14 20:54:04',NULL),(543,2,'2019-10-14 20:55:56',NULL),(544,8,'2019-10-14 20:56:52',NULL),(545,8,'2019-10-14 20:57:13',NULL),(546,8,'2019-10-14 20:57:27',NULL),(547,8,'2019-10-14 20:57:54',NULL),(548,2,'2019-10-14 20:58:15',NULL),(549,2,'2019-10-14 21:03:25',NULL),(550,7,'2019-10-14 21:25:37',NULL),(551,8,'2019-10-14 21:26:40',NULL),(552,3,'2019-10-14 21:27:05',NULL),(553,2,'2019-10-14 21:42:01',NULL),(554,6,'2019-10-14 21:42:18',NULL),(555,2,'2019-10-14 21:42:24',NULL),(556,2,'2019-10-14 21:42:40',NULL),(557,8,'2019-10-14 21:42:43',NULL),(558,7,'2019-10-14 21:42:45',NULL),(559,6,'2019-10-14 21:42:49',NULL),(560,5,'2019-10-14 21:42:51',NULL),(561,4,'2019-10-14 21:42:54',NULL),(562,3,'2019-10-14 21:42:56',NULL),(563,8,'2019-10-14 21:43:03',NULL),(564,2,'2019-10-14 21:43:06',NULL),(565,8,'2019-10-14 21:46:50',NULL),(566,2,'2019-10-14 21:47:04',NULL),(567,6,'2019-10-14 22:05:47',NULL),(568,7,'2019-10-15 06:56:33',NULL),(569,2,'2019-10-15 08:57:00',NULL),(570,8,'2019-10-15 16:44:12',NULL),(571,8,'2019-10-15 16:44:12',NULL),(572,1,'2019-10-15 16:52:46',NULL),(573,2,'2019-10-15 19:59:08',NULL),(574,8,'2019-10-16 08:56:18',NULL),(575,7,'2019-10-16 08:59:44',NULL),(576,8,'2019-10-17 10:02:49',NULL),(577,8,'2019-10-17 11:17:31',NULL),(578,8,'2019-10-17 15:09:50',NULL),(579,8,'2019-10-18 10:07:51',NULL),(580,8,'2019-10-20 11:19:54',NULL),(581,8,'2019-10-20 11:20:08',NULL),(582,8,'2019-10-20 11:20:26',NULL),(583,8,'2019-10-20 11:22:25',NULL),(584,8,'2019-10-20 11:22:36',NULL),(585,8,'2019-10-20 11:22:49',NULL),(586,8,'2019-10-20 12:37:10',NULL),(587,8,'2019-10-20 12:37:16',NULL),(588,8,'2019-10-20 19:34:43',NULL),(589,8,'2019-10-20 20:02:13',NULL),(590,8,'2019-10-21 09:56:39',NULL),(591,2,'2019-10-21 09:56:44',NULL),(592,2,'2019-10-21 09:57:35',NULL),(593,8,'2019-10-21 10:08:53',NULL),(594,2,'2019-10-21 10:20:01',NULL),(595,2,'2019-10-21 10:20:56',NULL),(596,8,'2019-10-21 14:30:54',NULL),(597,8,'2019-10-23 10:05:47',NULL),(598,2,'2019-10-23 21:59:40',NULL),(599,1,'2019-10-27 05:22:40',NULL),(600,1,'2019-10-27 21:06:37',NULL),(601,8,'2019-10-27 21:23:22',NULL),(602,1,'2019-10-28 10:46:12',NULL),(603,4,'2019-10-29 09:37:48',NULL),(604,1,'2019-10-29 09:38:39',NULL),(605,7,'2019-10-29 09:39:50',NULL),(606,4,'2019-10-29 09:40:36',NULL),(607,8,'2019-10-30 08:59:33',NULL),(608,2,'2019-10-30 08:59:48',NULL),(609,3,'2019-10-30 08:59:57',NULL),(610,6,'2019-10-30 09:00:34',NULL),(611,3,'2019-10-30 09:00:40',NULL),(612,2,'2019-10-30 09:00:44',NULL),(613,2,'2019-10-30 10:43:52',NULL),(614,8,'2019-10-30 10:44:28',NULL),(615,2,'2019-10-30 15:31:42',NULL),(616,2,'2019-10-30 17:51:50',NULL),(617,8,'2019-11-03 17:54:29',NULL),(618,8,'2019-11-05 09:32:20',NULL),(619,2,'2019-11-05 11:19:12',NULL),(620,8,'2019-11-05 13:42:17',NULL),(621,8,'2019-11-05 14:27:33',NULL),(622,8,'2019-11-06 10:01:04',NULL),(623,2,'2019-11-11 08:08:21',NULL),(624,2,'2019-11-11 08:09:15',NULL),(625,2,'2019-11-11 08:10:31',NULL),(626,2,'2019-11-11 08:10:41',NULL),(627,2,'2019-11-14 11:21:00',NULL),(628,8,'2019-11-14 11:21:04',NULL),(629,8,'2019-11-14 15:17:38',NULL),(630,8,'2019-11-14 15:17:52',NULL),(631,7,'2019-11-16 22:18:17',NULL),(632,2,'2019-11-17 05:26:49',NULL),(633,8,'2019-11-17 13:01:24',NULL),(634,3,'2019-11-18 12:37:43',NULL),(635,3,'2019-11-18 12:37:49',NULL),(636,2,'2019-11-18 12:37:51',NULL),(637,4,'2019-11-18 12:38:14',NULL),(638,4,'2019-11-18 12:38:22',NULL),(639,4,'2019-11-18 12:38:31',NULL),(640,3,'2019-11-18 12:38:55',NULL),(641,3,'2019-11-18 12:39:01',NULL),(642,6,'2019-11-18 12:39:01',NULL),(643,7,'2019-11-18 12:39:10',NULL),(644,6,'2019-11-18 12:39:11',NULL),(645,6,'2019-11-18 12:39:15',NULL),(646,6,'2019-11-18 12:39:18',NULL),(647,7,'2019-11-18 12:39:22',NULL),(648,3,'2019-11-18 12:39:24',NULL),(649,3,'2019-11-18 12:39:34',NULL),(650,3,'2019-11-18 12:39:35',NULL),(651,7,'2019-11-18 12:39:38',NULL),(652,2,'2019-11-18 12:39:40',NULL),(653,3,'2019-11-18 12:39:46',NULL),(654,6,'2019-11-18 12:39:53',NULL),(655,6,'2019-11-18 12:39:55',NULL),(656,4,'2019-11-18 12:39:59',NULL),(657,5,'2019-11-18 12:40:04',NULL),(658,8,'2019-11-18 12:40:08',NULL),(659,7,'2019-11-18 12:40:13',NULL),(660,8,'2019-11-18 12:40:17',NULL),(661,8,'2019-11-18 12:40:21',NULL),(662,7,'2019-11-18 12:40:23',NULL),(663,8,'2019-11-18 12:40:26',NULL),(664,1,'2019-11-18 12:40:30',NULL),(665,5,'2019-11-18 12:40:32',NULL),(666,7,'2019-11-18 12:40:44',NULL),(667,6,'2019-11-18 12:40:48',NULL),(668,8,'2019-11-18 12:40:52',NULL),(669,1,'2019-11-18 12:40:53',NULL),(670,6,'2019-11-18 12:40:53',NULL),(671,4,'2019-11-18 12:40:59',NULL),(672,8,'2019-11-18 12:41:01',NULL),(673,4,'2019-11-18 12:41:05',NULL),(674,6,'2019-11-18 12:41:06',NULL),(675,8,'2019-11-18 12:41:06',NULL),(676,8,'2019-11-18 12:41:09',NULL),(677,4,'2019-11-18 12:41:09',NULL),(678,4,'2019-11-18 12:41:09',NULL),(679,8,'2019-11-18 12:41:11',NULL),(680,4,'2019-11-18 12:41:15',NULL),(681,7,'2019-11-18 12:41:16',NULL),(682,1,'2019-11-18 12:41:18',NULL),(683,1,'2019-11-18 12:41:19',NULL),(684,5,'2019-11-18 12:41:24',NULL),(685,8,'2019-11-18 12:41:27',NULL),(686,5,'2019-11-18 12:41:30',NULL),(687,7,'2019-11-18 12:41:32',NULL),(688,4,'2019-11-18 12:41:33',NULL),(689,7,'2019-11-18 12:41:33',NULL),(690,6,'2019-11-18 12:41:38',NULL),(691,2,'2019-11-18 12:41:42',NULL),(692,1,'2019-11-18 12:41:45',NULL),(693,8,'2019-11-18 12:41:53',NULL),(694,1,'2019-11-18 12:41:54',NULL),(695,5,'2019-11-18 12:41:57',NULL),(696,3,'2019-11-18 12:41:58',NULL),(697,2,'2019-11-18 12:41:58',NULL),(698,7,'2019-11-18 12:42:05',NULL),(699,6,'2019-11-18 12:42:08',NULL),(700,8,'2019-11-18 12:42:11',NULL),(701,5,'2019-11-18 12:42:13',NULL),(702,8,'2019-11-18 12:42:20',NULL),(703,6,'2019-11-18 12:42:24',NULL),(704,2,'2019-11-18 12:42:26',NULL),(705,8,'2019-11-18 12:42:27',NULL),(706,5,'2019-11-18 12:42:31',NULL),(707,6,'2019-11-18 12:42:36',NULL),(708,2,'2019-11-18 12:42:36',NULL),(709,7,'2019-11-18 12:42:41',NULL),(710,1,'2019-11-18 12:42:43',NULL),(711,1,'2019-11-18 12:42:44',NULL),(712,4,'2019-11-18 12:43:10',NULL),(713,6,'2019-11-18 12:43:13',NULL),(714,4,'2019-11-18 12:43:35',NULL),(715,2,'2019-11-18 12:43:55',NULL),(716,8,'2019-11-19 14:15:17',NULL),(717,8,'2019-11-19 14:23:20',NULL),(718,1,'2019-11-19 14:30:11',NULL),(719,2,'2019-11-19 14:30:52',NULL),(720,1,'2019-11-19 20:15:37',NULL),(721,1,'2019-11-19 21:49:20',NULL),(722,1,'2019-11-20 00:42:17',NULL),(723,8,'2019-11-21 20:30:56',NULL),(724,8,'2019-11-21 22:32:43',NULL),(725,1,'2019-11-21 22:36:26',NULL),(726,4,'2019-11-21 22:36:38',NULL),(727,5,'2019-11-21 22:36:54',NULL),(728,5,'2019-11-21 22:37:09',NULL),(729,8,'2019-11-22 09:00:48',NULL),(730,8,'2019-11-22 10:21:35',NULL),(731,2,'2019-11-24 14:47:51',NULL),(732,8,'2019-11-24 14:48:10',NULL),(733,8,'2019-11-24 14:48:51',NULL),(734,8,'2019-11-27 14:13:47',NULL),(735,8,'2019-11-27 14:42:35',NULL),(736,8,'2019-11-29 10:33:26',NULL),(737,8,'2019-11-29 14:23:05',NULL),(738,8,'2019-11-29 14:23:07',NULL),(739,2,'2019-12-01 13:49:50',NULL),(740,2,'2019-12-01 13:50:11',NULL),(741,2,'2019-12-01 15:04:00',NULL),(742,1,'2019-12-01 15:04:31',NULL),(743,2,'2019-12-01 15:04:50',NULL),(744,1,'2019-12-02 04:54:15',NULL),(745,8,'2019-12-02 04:54:43',NULL),(746,8,'2019-12-02 04:55:11',NULL),(747,3,'2019-12-02 04:59:57',NULL),(748,8,'2019-12-02 05:04:07',NULL),(749,8,'2019-12-02 05:04:40',NULL),(750,8,'2019-12-05 08:27:05',NULL),(751,2,'2019-12-05 12:48:52',NULL),(752,8,'2019-12-05 12:49:15',NULL),(753,8,'2019-12-05 12:50:06',NULL),(754,1,'2019-12-05 14:50:59',NULL),(755,8,'2019-12-06 10:26:47',NULL),(756,8,'2019-12-08 19:11:32',NULL),(757,6,'2019-12-09 10:29:58',NULL),(758,5,'2019-12-09 10:30:08',NULL),(759,3,'2019-12-09 10:30:13',NULL),(760,2,'2019-12-09 10:30:28',NULL),(761,8,'2019-12-09 16:51:07',NULL),(762,8,'2019-12-09 16:53:49',NULL),(763,1,'2019-12-14 20:24:29',NULL),(764,7,'2019-12-14 20:24:31',NULL),(765,2,'2019-12-14 20:25:37',NULL),(766,1,'2019-12-15 16:00:12',NULL),(767,7,'2019-12-15 16:19:25',NULL),(768,6,'2019-12-15 16:23:28',NULL),(769,6,'2019-12-15 16:24:02',NULL),(770,6,'2019-12-15 16:25:47',NULL),(771,6,'2019-12-15 16:25:48',NULL),(772,7,'2019-12-15 17:29:25',NULL),(773,7,'2019-12-15 17:29:42',NULL),(774,7,'2019-12-15 17:29:46',NULL),(775,7,'2019-12-15 17:30:31',NULL),(776,7,'2019-12-15 18:37:01',NULL),(777,1,'2019-12-15 19:57:46',NULL),(778,6,'2019-12-16 06:18:39',NULL),(779,6,'2019-12-16 06:19:04',NULL),(780,2,'2019-12-17 09:49:00',NULL),(781,2,'2019-12-17 09:49:17',NULL),(782,4,'2019-12-17 15:18:23',NULL),(783,4,'2019-12-17 19:40:30',NULL),(784,4,'2019-12-17 19:41:02',NULL),(785,4,'2019-12-17 19:41:15',NULL),(786,4,'2019-12-17 19:41:57',NULL),(787,4,'2019-12-18 08:28:25',NULL),(788,6,'2019-12-18 08:29:10',NULL),(789,4,'2019-12-18 08:33:45',NULL),(790,2,'2019-12-18 08:33:56',NULL),(791,7,'2019-12-18 08:34:12',NULL),(792,1,'2019-12-18 08:56:32',NULL),(793,1,'2019-12-18 08:58:03',NULL),(794,2,'2019-12-18 09:18:34',NULL),(795,2,'2019-12-19 12:35:33',NULL),(796,2,'2019-12-19 12:36:25',NULL),(797,2,'2019-12-19 12:36:56',NULL),(798,2,'2019-12-19 12:37:15',NULL),(799,3,'2019-12-19 12:39:02',NULL),(800,3,'2019-12-19 12:39:43',NULL),(801,3,'2019-12-19 12:39:58',NULL),(802,3,'2019-12-19 12:40:24',NULL),(803,3,'2019-12-19 12:40:59',NULL),(804,3,'2019-12-19 12:42:26',NULL),(805,3,'2019-12-19 12:42:48',NULL),(806,1,'2019-12-19 12:43:09',NULL),(807,1,'2019-12-19 12:45:07',NULL),(808,4,'2019-12-19 12:45:34',NULL),(809,1,'2019-12-19 13:23:40',NULL),(810,2,'2019-12-19 13:55:46',NULL),(811,8,'2019-12-19 13:55:55',NULL),(812,8,'2019-12-19 13:56:24',NULL),(813,8,'2019-12-19 15:24:03',NULL),(814,8,'2019-12-19 18:32:14',NULL),(815,2,'2019-12-20 09:15:59',NULL),(816,2,'2019-12-20 09:16:50',NULL),(817,3,'2019-12-20 09:17:06',NULL),(818,1,'2019-12-20 09:17:11',NULL),(819,3,'2019-12-20 09:17:44',NULL),(820,3,'2019-12-20 09:18:23',NULL),(821,3,'2019-12-20 09:18:40',NULL),(822,3,'2019-12-20 09:19:54',NULL),(823,3,'2019-12-20 09:20:13',NULL),(824,3,'2019-12-20 09:20:47',NULL),(825,2,'2019-12-20 09:20:54',NULL),(826,1,'2019-12-20 09:39:48',NULL),(827,3,'2019-12-20 09:40:11',NULL),(828,3,'2019-12-20 09:40:46',NULL),(829,1,'2019-12-20 09:40:48',NULL),(830,5,'2019-12-20 14:55:48',NULL),(831,5,'2019-12-20 14:56:21',NULL),(832,2,'2019-12-20 18:22:41',NULL),(833,1,'2019-12-20 18:22:55',NULL),(834,3,'2019-12-20 21:25:03',NULL),(835,3,'2019-12-20 21:25:47',NULL),(836,3,'2019-12-20 21:25:53',NULL),(837,3,'2019-12-20 21:26:35',NULL),(838,1,'2019-12-20 21:26:47',NULL),(839,3,'2019-12-21 17:54:32',NULL),(840,1,'2019-12-21 17:55:17',NULL),(841,2,'2019-12-22 16:30:18',NULL),(842,8,'2019-12-22 16:30:23',NULL),(843,8,'2019-12-22 16:30:33',NULL),(844,8,'2019-12-23 08:47:04',NULL),(845,7,'2019-12-23 09:21:28',NULL),(846,8,'2019-12-26 10:21:09',NULL),(847,2,'2019-12-27 08:43:47',NULL),(848,8,'2019-12-27 08:48:02',NULL),(849,2,'2019-12-27 11:05:19',NULL),(850,8,'2019-12-27 11:06:27',NULL),(851,5,'2019-12-27 12:07:34',NULL),(852,8,'2019-12-27 12:08:17',NULL),(853,8,'2019-12-27 12:10:01',NULL),(854,8,'2019-12-27 12:10:20',NULL),(855,5,'2019-12-27 12:10:24',NULL),(856,8,'2019-12-27 12:12:08',NULL),(857,8,'2019-12-27 12:16:02',NULL),(858,8,'2019-12-27 12:17:07',NULL),(859,1,'2019-12-27 12:43:15',NULL),(860,2,'2019-12-27 12:52:43',NULL),(861,2,'2019-12-27 12:52:52',NULL),(862,2,'2019-12-27 12:53:28',NULL),(863,2,'2019-12-27 12:53:36',NULL),(864,8,'2019-12-27 13:18:05',NULL),(865,8,'2019-12-27 13:18:18',NULL),(866,8,'2019-12-27 13:20:53',NULL),(867,8,'2019-12-27 13:20:54',NULL),(868,8,'2019-12-27 13:20:54',NULL),(869,8,'2019-12-27 13:20:54',NULL),(870,8,'2019-12-27 15:59:23',NULL),(871,1,'2019-12-27 16:00:34',NULL),(872,8,'2019-12-27 16:00:40',NULL),(873,2,'2019-12-27 16:00:57',NULL),(874,8,'2019-12-27 16:01:07',NULL),(875,8,'2019-12-27 16:08:28',NULL),(876,8,'2019-12-27 16:09:42',NULL),(877,8,'2019-12-27 16:10:25',NULL),(878,8,'2019-12-27 16:31:20',NULL),(879,1,'2019-12-27 22:38:35',NULL),(880,1,'2019-12-27 23:23:43',NULL),(881,5,'2019-12-27 23:25:49',NULL),(882,4,'2019-12-27 23:26:48',NULL),(883,4,'2019-12-27 23:27:30',NULL),(884,5,'2019-12-27 23:27:39',NULL),(885,7,'2019-12-27 23:27:48',NULL),(886,1,'2019-12-27 23:29:16',NULL),(887,3,'2019-12-27 23:29:26',NULL),(888,3,'2019-12-27 23:29:56',NULL),(889,3,'2019-12-27 23:30:04',NULL),(890,1,'2019-12-27 23:30:31',NULL),(891,2,'2019-12-28 09:05:26',NULL),(892,2,'2019-12-28 09:08:27',NULL),(893,2,'2019-12-28 09:11:22',NULL),(894,3,'2019-12-28 09:39:39',NULL),(895,3,'2019-12-28 09:40:11',NULL),(896,3,'2019-12-28 09:40:49',NULL),(897,3,'2019-12-28 09:41:08',NULL),(898,6,'2019-12-28 15:27:52',NULL),(899,8,'2019-12-30 12:47:53',NULL),(900,8,'2019-12-30 21:39:41',NULL),(901,8,'2019-12-30 21:40:59',NULL),(902,2,'2020-01-03 17:38:33',NULL),(903,2,'2020-01-03 17:39:49',NULL),(904,8,'2020-01-04 10:55:16',NULL),(905,8,'2020-01-04 10:55:16',NULL),(906,8,'2020-01-05 16:48:03',NULL),(907,8,'2020-01-05 16:48:27',NULL),(908,7,'2020-01-06 14:33:11',NULL),(909,7,'2020-01-06 14:34:05',NULL),(910,1,'2020-01-06 14:35:22',NULL),(911,7,'2020-01-06 14:35:49',NULL),(912,7,'2020-01-06 15:22:51',NULL),(913,1,'2020-01-06 15:23:38',NULL),(914,2,'2020-01-06 15:27:01',NULL),(915,3,'2020-01-06 15:27:21',NULL),(916,5,'2020-01-06 15:28:05',NULL),(917,5,'2020-01-06 15:28:23',NULL),(918,2,'2020-01-06 15:28:45',NULL),(919,6,'2020-01-06 15:28:49',NULL),(920,4,'2020-01-06 15:29:17',NULL),(921,4,'2020-01-06 16:52:51',NULL),(922,4,'2020-01-06 17:29:17',NULL),(923,4,'2020-01-06 17:29:38',NULL),(924,4,'2020-01-06 17:29:56',NULL),(925,3,'2020-01-06 17:30:20',NULL),(926,3,'2020-01-06 17:31:07',NULL),(927,3,'2020-01-06 17:31:16',NULL),(928,4,'2020-01-06 17:31:25',NULL),(929,8,'2020-01-06 17:31:56',NULL),(930,8,'2020-01-06 17:32:37',NULL),(931,1,'2020-01-06 17:33:16',NULL),(932,1,'2020-01-06 17:34:01',NULL),(933,1,'2020-01-06 20:51:43',NULL),(934,1,'2020-01-08 08:05:38',NULL),(935,1,'2020-01-08 08:05:39',NULL),(936,8,'2020-01-10 07:57:33',NULL),(937,8,'2020-01-10 07:57:39',NULL),(938,1,'2020-01-10 07:57:45',NULL),(939,1,'2020-01-10 10:54:31',NULL),(940,7,'2020-01-10 11:57:52',NULL),(941,2,'2020-01-10 12:54:52',NULL),(942,3,'2020-01-10 13:56:33',NULL),(943,4,'2020-01-10 13:57:51',NULL),(944,5,'2020-01-10 13:59:21',NULL),(945,6,'2020-01-10 14:00:37',NULL),(946,8,'2020-01-10 14:01:38',NULL),(947,2,'2020-01-10 14:43:21',NULL),(948,3,'2020-01-10 14:46:15',NULL),(949,4,'2020-01-10 14:47:47',NULL),(950,5,'2020-01-10 14:49:29',NULL),(951,6,'2020-01-10 14:51:07',NULL),(952,8,'2020-01-10 14:52:23',NULL),(953,8,'2020-01-10 15:14:31',NULL),(954,8,'2020-01-10 15:14:32',NULL),(955,8,'2020-01-10 15:14:33',NULL),(956,8,'2020-01-10 15:14:50',NULL),(957,8,'2020-01-10 15:15:02',NULL),(958,1,'2020-01-10 15:15:46',NULL),(959,2,'2020-01-10 15:19:19',NULL),(960,7,'2020-01-11 01:01:43',NULL),(961,4,'2020-01-11 01:05:35',NULL),(962,7,'2020-01-11 01:09:28',NULL),(963,6,'2020-01-12 09:33:33',NULL),(964,6,'2020-01-12 09:33:53',NULL),(965,6,'2020-01-13 09:43:02',NULL),(966,8,'2020-01-13 14:47:48',NULL),(967,1,'2020-01-15 14:34:00',NULL),(968,8,'2020-01-15 14:45:24',NULL),(969,2,'2020-01-17 14:48:08',NULL),(970,2,'2020-01-17 14:48:59',NULL),(971,6,'2020-01-27 04:44:45',NULL),(972,6,'2020-01-27 04:45:18',NULL),(973,6,'2020-01-27 04:45:39',NULL),(974,6,'2020-01-27 04:45:56',NULL),(975,6,'2020-01-27 04:46:32',NULL),(976,1,'2020-01-29 13:27:07',NULL),(977,2,'2020-02-09 20:23:11',NULL),(978,7,'2020-02-27 14:18:46',NULL),(979,7,'2020-02-27 14:18:56',NULL),(980,2,'2020-02-27 14:19:02',NULL),(981,2,'2020-02-27 14:19:59',NULL),(982,2,'2020-02-27 14:20:19',NULL),(983,7,'2020-02-27 14:20:21',NULL),(984,1,'2020-02-28 08:31:01',NULL),(985,1,'2020-02-28 08:38:26',NULL),(986,2,'2020-03-01 08:49:04',NULL),(987,2,'2020-03-01 09:03:57',NULL),(988,2,'2020-03-03 05:46:19',NULL),(989,2,'2020-03-03 11:39:33',NULL),(990,3,'2020-03-03 13:03:05',NULL),(991,7,'2020-03-03 13:04:37',NULL),(992,8,'2020-03-16 12:03:46',NULL),(993,8,'2020-03-17 23:28:02',NULL);
/*!40000 ALTER TABLE `s_category_view` ENABLE KEYS */;
UNLOCK TABLES;

--
-- Table structure for table `s_product_view`
--

DROP TABLE IF EXISTS `s_product_view`;
/*!40101 SET @saved_cs_client     = @@character_set_client */;
/*!50503 SET character_set_client = utf8mb4 */;
CREATE TABLE `s_product_view` (
  `id_product_view` int(10) NOT NULL AUTO_INCREMENT,
  `id_products` int(10) DEFAULT NULL,
  `created_at` datetime DEFAULT NULL,
  `updated_at` datetime DEFAULT NULL,
  PRIMARY KEY (`id_product_view`)
) ENGINE=InnoDB AUTO_INCREMENT=809 DEFAULT CHARSET=latin1;
/*!40101 SET character_set_client = @saved_cs_client */;

--
-- Dumping data for table `s_product_view`
--

LOCK TABLES `s_product_view` WRITE;
/*!40000 ALTER TABLE `s_product_view` DISABLE KEYS */;
INSERT INTO `s_product_view` VALUES (394,100,'2019-09-09 22:47:24',NULL),(395,10,'2019-09-10 08:42:02',NULL),(396,100,'2019-09-13 00:12:54',NULL),(397,60,'2019-09-13 08:06:21',NULL),(398,60,'2019-09-13 08:06:32',NULL),(399,60,'2019-09-13 08:09:49',NULL),(400,60,'2019-09-13 08:12:09',NULL),(401,60,'2019-09-13 08:25:35',NULL),(402,60,'2019-09-13 08:25:54',NULL),(403,67,'2019-09-13 08:29:16',NULL),(404,62,'2019-09-13 09:05:40',NULL),(405,35,'2019-09-13 09:18:45',NULL),(406,77,'2019-09-13 09:36:21',NULL),(407,100,'2019-09-15 21:42:38',NULL),(408,101,'2019-09-15 21:46:19',NULL),(409,101,'2019-09-15 21:48:33',NULL),(410,101,'2019-09-16 00:08:14',NULL),(411,100,'2019-09-16 00:08:34',NULL),(412,101,'2019-09-16 00:08:42',NULL),(413,100,'2019-09-16 00:09:45',NULL),(414,101,'2019-09-16 00:13:50',NULL),(415,98,'2019-09-16 00:23:43',NULL),(416,98,'2019-09-16 00:25:59',NULL),(417,89,'2019-09-16 08:36:07',NULL),(418,90,'2019-09-16 08:40:44',NULL),(419,93,'2019-09-16 09:35:59',NULL),(420,93,'2019-09-16 09:43:30',NULL),(421,90,'2019-09-16 10:45:49',NULL),(422,20,'2019-10-08 09:26:43',NULL),(423,40,'2019-10-09 14:57:47',NULL),(424,9,'2019-10-09 14:58:06',NULL),(425,93,'2019-10-12 08:43:23',NULL),(426,101,'2019-10-12 09:53:33',NULL),(427,53,'2019-10-12 12:31:46',NULL),(428,54,'2019-10-12 12:32:01',NULL),(429,53,'2019-10-12 12:32:08',NULL),(430,89,'2019-10-12 13:35:28',NULL),(431,101,'2019-10-12 22:30:00',NULL),(432,101,'2019-10-12 22:30:24',NULL),(433,89,'2019-10-12 22:34:55',NULL),(434,98,'2019-10-12 22:35:18',NULL),(435,99,'2019-10-12 22:35:29',NULL),(436,98,'2019-10-12 22:35:33',NULL),(437,91,'2019-10-12 22:35:51',NULL),(438,90,'2019-10-12 22:36:53',NULL),(439,95,'2019-10-12 22:37:07',NULL),(440,92,'2019-10-12 22:37:30',NULL),(441,100,'2019-10-12 22:37:45',NULL),(442,92,'2019-10-12 22:38:22',NULL),(443,95,'2019-10-12 22:38:25',NULL),(444,102,'2019-10-14 12:46:28',NULL),(445,102,'2019-10-14 12:52:44',NULL),(446,102,'2019-10-14 13:18:43',NULL),(447,96,'2019-10-14 14:02:40',NULL),(448,96,'2019-10-14 14:02:56',NULL),(449,96,'2019-10-14 14:03:13',NULL),(450,99,'2019-10-14 14:06:03',NULL),(451,97,'2019-10-14 14:11:31',NULL),(452,102,'2019-10-14 15:02:12',NULL),(453,88,'2019-10-14 20:38:38',NULL),(454,2,'2019-10-14 20:49:42',NULL),(455,8,'2019-10-14 20:56:26',NULL),(456,102,'2019-10-14 20:56:40',NULL),(457,88,'2019-10-14 20:56:54',NULL),(458,5,'2019-10-14 20:56:58',NULL),(459,97,'2019-10-14 20:57:17',NULL),(460,8,'2019-10-14 20:57:22',NULL),(461,100,'2019-10-14 20:57:31',NULL),(462,5,'2019-10-14 21:03:56',NULL),(463,64,'2019-10-14 21:23:07',NULL),(464,29,'2019-10-14 21:24:30',NULL),(465,74,'2019-10-14 21:24:47',NULL),(466,77,'2019-10-14 21:24:58',NULL),(467,74,'2019-10-14 21:25:01',NULL),(468,70,'2019-10-14 21:25:15',NULL),(469,74,'2019-10-14 21:25:33',NULL),(470,25,'2019-10-14 21:25:39',NULL),(471,73,'2019-10-14 21:26:01',NULL),(472,25,'2019-10-14 21:26:14',NULL),(473,74,'2019-10-14 21:26:15',NULL),(474,29,'2019-10-14 21:26:20',NULL),(475,88,'2019-10-14 21:43:08',NULL),(476,96,'2019-10-14 22:10:32',NULL),(477,103,'2019-10-15 08:30:54',NULL),(478,103,'2019-10-15 08:33:14',NULL),(479,103,'2019-10-15 10:06:43',NULL),(480,97,'2019-10-15 10:08:36',NULL),(481,83,'2019-10-15 10:09:46',NULL),(482,83,'2019-10-15 10:09:46',NULL),(483,104,'2019-10-15 15:07:22',NULL),(484,104,'2019-10-15 15:56:10',NULL),(485,96,'2019-10-16 08:55:52',NULL),(486,107,'2019-10-17 11:18:13',NULL),(487,104,'2019-10-17 12:31:50',NULL),(488,104,'2019-10-20 11:20:12',NULL),(489,102,'2019-10-20 11:20:57',NULL),(490,107,'2019-10-20 11:22:27',NULL),(491,103,'2019-10-20 11:22:40',NULL),(492,102,'2019-10-20 12:37:10',NULL),(493,107,'2019-10-20 19:34:32',NULL),(494,102,'2019-10-21 09:23:45',NULL),(495,100,'2019-10-21 10:08:57',NULL),(496,103,'2019-10-21 11:04:04',NULL),(497,103,'2019-10-21 14:14:30',NULL),(498,3,'2019-10-22 08:57:48',NULL),(499,104,'2019-10-23 10:05:52',NULL),(500,102,'2019-10-23 10:05:55',NULL),(501,52,'2019-10-26 19:38:58',NULL),(502,52,'2019-10-26 19:39:00',NULL),(503,88,'2019-10-27 21:36:35',NULL),(504,81,'2019-10-29 09:43:26',NULL),(505,73,'2019-10-29 09:52:55',NULL),(506,73,'2019-10-29 14:48:30',NULL),(507,103,'2019-11-05 11:23:06',NULL),(508,103,'2019-11-05 11:23:08',NULL),(509,103,'2019-11-05 11:23:10',NULL),(510,100,'2019-11-06 13:22:15',NULL),(511,100,'2019-11-12 20:08:42',NULL),(512,100,'2019-11-13 10:18:44',NULL),(513,100,'2019-11-13 10:19:04',NULL),(514,100,'2019-11-13 12:31:26',NULL),(515,100,'2019-11-14 11:21:09',NULL),(516,100,'2019-11-14 15:17:45',NULL),(517,100,'2019-11-14 16:53:51',NULL),(518,100,'2019-11-15 10:48:34',NULL),(519,100,'2019-11-15 16:20:33',NULL),(520,107,'2019-11-17 05:26:19',NULL),(521,104,'2019-11-17 13:01:56',NULL),(522,41,'2019-11-18 12:37:57',NULL),(523,19,'2019-11-18 12:37:57',NULL),(524,41,'2019-11-18 12:38:04',NULL),(525,48,'2019-11-18 12:38:24',NULL),(526,41,'2019-11-18 12:38:27',NULL),(527,48,'2019-11-18 12:38:29',NULL),(528,57,'2019-11-18 12:38:32',NULL),(529,85,'2019-11-18 12:39:09',NULL),(530,82,'2019-11-18 12:39:15',NULL),(531,35,'2019-11-18 12:39:29',NULL),(532,107,'2019-11-18 12:39:30',NULL),(533,37,'2019-11-18 12:39:37',NULL),(534,101,'2019-11-18 12:39:40',NULL),(535,1,'2019-11-18 12:39:45',NULL),(536,101,'2019-11-18 12:39:45',NULL),(537,101,'2019-11-18 12:39:48',NULL),(538,39,'2019-11-18 12:39:55',NULL),(539,58,'2019-11-18 12:40:01',NULL),(540,104,'2019-11-18 12:40:12',NULL),(541,98,'2019-11-18 12:40:15',NULL),(542,104,'2019-11-18 12:40:15',NULL),(543,107,'2019-11-18 12:40:19',NULL),(544,104,'2019-11-18 12:40:23',NULL),(545,107,'2019-11-18 12:40:27',NULL),(546,100,'2019-11-18 12:40:37',NULL),(547,101,'2019-11-18 12:40:51',NULL),(548,87,'2019-11-18 12:40:55',NULL),(549,89,'2019-11-18 12:40:56',NULL),(550,83,'2019-11-18 12:40:58',NULL),(551,96,'2019-11-18 12:40:59',NULL),(552,57,'2019-11-18 12:41:03',NULL),(553,48,'2019-11-18 12:41:07',NULL),(554,58,'2019-11-18 12:41:13',NULL),(555,48,'2019-11-18 12:41:17',NULL),(556,59,'2019-11-18 12:41:26',NULL),(557,87,'2019-11-18 12:41:39',NULL),(558,10,'2019-11-18 12:41:44',NULL),(559,10,'2019-11-18 12:41:48',NULL),(560,31,'2019-11-18 12:42:01',NULL),(561,104,'2019-11-18 12:42:03',NULL),(562,64,'2019-11-18 12:42:04',NULL),(563,83,'2019-11-18 12:42:10',NULL),(564,98,'2019-11-18 12:42:14',NULL),(565,102,'2019-11-18 12:42:16',NULL),(566,61,'2019-11-18 12:42:17',NULL),(567,59,'2019-11-18 12:42:20',NULL),(568,104,'2019-11-18 12:42:22',NULL),(569,104,'2019-11-18 12:42:25',NULL),(570,79,'2019-11-18 12:42:27',NULL),(571,10,'2019-11-18 12:42:31',NULL),(572,59,'2019-11-18 12:42:33',NULL),(573,10,'2019-11-18 12:42:34',NULL),(574,87,'2019-11-18 12:42:37',NULL),(575,1,'2019-11-18 12:42:38',NULL),(576,79,'2019-11-18 12:42:39',NULL),(577,99,'2019-11-18 12:42:53',NULL),(578,101,'2019-11-18 12:43:02',NULL),(579,83,'2019-11-18 12:43:14',NULL),(580,48,'2019-11-18 12:43:16',NULL),(581,107,'2019-11-18 12:43:26',NULL),(582,58,'2019-11-18 12:43:27',NULL),(583,58,'2019-11-18 12:43:32',NULL),(584,51,'2019-11-18 12:43:39',NULL),(585,107,'2019-11-18 12:43:48',NULL),(586,21,'2019-11-18 12:43:59',NULL),(587,102,'2019-11-19 14:15:29',NULL),(588,102,'2019-11-21 18:27:02',NULL),(589,102,'2019-11-21 18:27:02',NULL),(590,102,'2019-11-21 20:30:51',NULL),(591,102,'2019-11-21 22:34:29',NULL),(592,107,'2019-11-21 22:34:47',NULL),(593,104,'2019-11-21 22:35:51',NULL),(594,90,'2019-11-29 14:23:36',NULL),(595,104,'2019-12-01 13:45:28',NULL),(596,107,'2019-12-01 15:06:20',NULL),(597,103,'2019-12-01 15:07:12',NULL),(598,104,'2019-12-01 15:07:37',NULL),(599,104,'2019-12-01 15:14:59',NULL),(600,104,'2019-12-01 15:20:34',NULL),(601,107,'2019-12-01 15:21:03',NULL),(602,107,'2019-12-01 15:40:23',NULL),(603,104,'2019-12-01 19:43:08',NULL),(604,88,'2019-12-05 12:49:59',NULL),(605,107,'2019-12-05 13:57:22',NULL),(606,102,'2019-12-05 15:12:58',NULL),(607,104,'2019-12-09 16:52:45',NULL),(608,89,'2019-12-09 16:52:55',NULL),(609,107,'2019-12-13 21:37:34',NULL),(610,17,'2019-12-14 20:26:02',NULL),(611,79,'2019-12-15 16:24:21',NULL),(612,86,'2019-12-15 16:24:35',NULL),(613,84,'2019-12-15 16:24:53',NULL),(614,80,'2019-12-15 16:25:05',NULL),(615,79,'2019-12-15 16:25:21',NULL),(616,83,'2019-12-15 16:25:28',NULL),(617,79,'2019-12-15 16:25:38',NULL),(618,80,'2019-12-15 16:25:39',NULL),(619,84,'2019-12-15 16:25:42',NULL),(620,86,'2019-12-15 16:25:44',NULL),(621,79,'2019-12-15 16:25:45',NULL),(622,97,'2019-12-16 20:10:01',NULL),(623,94,'2019-12-17 15:11:33',NULL),(624,52,'2019-12-17 19:40:40',NULL),(625,46,'2019-12-17 19:41:10',NULL),(626,56,'2019-12-17 19:41:38',NULL),(627,57,'2019-12-18 08:28:35',NULL),(628,86,'2019-12-18 08:29:45',NULL),(629,86,'2019-12-18 08:30:03',NULL),(630,84,'2019-12-18 08:30:07',NULL),(631,84,'2019-12-18 08:31:53',NULL),(632,84,'2019-12-18 08:34:45',NULL),(633,79,'2019-12-18 08:36:52',NULL),(634,42,'2019-12-18 08:38:00',NULL),(635,42,'2019-12-18 08:46:43',NULL),(636,25,'2019-12-18 08:52:55',NULL),(637,69,'2019-12-18 08:53:31',NULL),(638,69,'2019-12-18 08:54:14',NULL),(639,40,'2019-12-18 08:55:08',NULL),(640,30,'2019-12-18 08:55:18',NULL),(641,41,'2019-12-18 08:55:22',NULL),(642,31,'2019-12-18 08:55:47',NULL),(643,41,'2019-12-18 08:56:13',NULL),(644,22,'2019-12-18 08:59:41',NULL),(645,23,'2019-12-18 09:19:33',NULL),(646,22,'2019-12-18 13:22:47',NULL),(647,26,'2019-12-19 12:39:20',NULL),(648,24,'2019-12-19 12:39:31',NULL),(649,28,'2019-12-19 12:39:38',NULL),(650,35,'2019-12-19 12:39:51',NULL),(651,72,'2019-12-19 12:40:07',NULL),(652,75,'2019-12-19 12:41:15',NULL),(653,70,'2019-12-19 12:41:35',NULL),(654,75,'2019-12-19 12:41:48',NULL),(655,36,'2019-12-19 12:42:01',NULL),(656,75,'2019-12-19 12:42:05',NULL),(657,35,'2019-12-19 12:42:11',NULL),(658,75,'2019-12-19 12:42:18',NULL),(659,71,'2019-12-19 12:42:44',NULL),(660,38,'2019-12-19 12:45:37',NULL),(661,6,'2019-12-19 13:16:40',NULL),(662,27,'2019-12-20 09:17:58',NULL),(663,28,'2019-12-20 09:18:36',NULL),(664,29,'2019-12-20 09:19:15',NULL),(665,29,'2019-12-20 09:19:43',NULL),(666,35,'2019-12-20 09:20:01',NULL),(667,29,'2019-12-20 09:20:45',NULL),(668,72,'2019-12-20 09:40:20',NULL),(669,102,'2019-12-20 14:11:21',NULL),(670,107,'2019-12-20 14:11:54',NULL),(671,104,'2019-12-20 14:12:12',NULL),(672,103,'2019-12-20 14:12:28',NULL),(673,102,'2019-12-20 14:12:49',NULL),(674,67,'2019-12-20 14:56:12',NULL),(675,78,'2019-12-20 14:57:09',NULL),(676,75,'2019-12-20 14:58:10',NULL),(677,75,'2019-12-20 14:58:32',NULL),(678,71,'2019-12-20 14:59:18',NULL),(679,6,'2019-12-20 21:24:18',NULL),(680,75,'2019-12-20 21:26:19',NULL),(681,65,'2019-12-20 21:28:38',NULL),(682,63,'2019-12-20 21:29:33',NULL),(683,63,'2019-12-20 21:29:57',NULL),(684,72,'2019-12-20 21:30:26',NULL),(685,94,'2019-12-26 11:59:17',NULL),(686,100,'2019-12-26 20:18:57',NULL),(687,100,'2019-12-26 20:19:18',NULL),(688,100,'2019-12-26 20:19:21',NULL),(689,92,'2019-12-26 20:19:50',NULL),(690,19,'2019-12-27 08:44:03',NULL),(691,77,'2019-12-27 09:44:29',NULL),(692,77,'2019-12-27 09:44:40',NULL),(693,25,'2019-12-27 09:44:58',NULL),(694,25,'2019-12-27 09:45:06',NULL),(695,77,'2019-12-27 09:45:08',NULL),(696,7,'2019-12-27 11:05:44',NULL),(697,104,'2019-12-27 12:08:35',NULL),(698,95,'2019-12-27 12:08:48',NULL),(699,104,'2019-12-27 12:09:22',NULL),(700,89,'2019-12-27 12:09:27',NULL),(701,104,'2019-12-27 12:09:46',NULL),(702,104,'2019-12-27 12:10:17',NULL),(703,88,'2019-12-27 13:18:11',NULL),(704,88,'2019-12-27 16:31:28',NULL),(705,88,'2019-12-28 01:21:38',NULL),(706,5,'2019-12-28 09:06:54',NULL),(707,8,'2019-12-28 09:07:06',NULL),(708,5,'2019-12-28 09:08:20',NULL),(709,7,'2019-12-28 09:09:06',NULL),(710,5,'2019-12-28 09:11:30',NULL),(711,38,'2019-12-28 09:38:56',NULL),(712,38,'2019-12-28 09:39:55',NULL),(713,42,'2019-12-28 09:40:16',NULL),(714,38,'2019-12-28 09:40:53',NULL),(715,5,'2019-12-28 10:23:29',NULL),(716,80,'2019-12-28 20:28:42',NULL),(717,52,'2019-12-30 09:36:28',NULL),(718,56,'2019-12-30 09:36:41',NULL),(719,55,'2019-12-30 09:36:54',NULL),(720,51,'2019-12-30 09:37:06',NULL),(721,46,'2019-12-30 09:37:18',NULL),(722,43,'2019-12-30 09:37:28',NULL),(723,45,'2019-12-30 09:37:38',NULL),(724,50,'2019-12-30 09:37:46',NULL),(725,54,'2019-12-30 09:37:59',NULL),(726,47,'2019-12-30 09:38:15',NULL),(727,44,'2019-12-30 09:38:30',NULL),(728,53,'2019-12-30 09:38:40',NULL),(729,48,'2019-12-30 13:24:51',NULL),(730,48,'2019-12-30 16:41:25',NULL),(731,100,'2020-01-05 19:04:59',NULL),(732,100,'2020-01-06 13:00:17',NULL),(733,52,'2020-01-06 17:29:28',NULL),(734,50,'2020-01-06 17:29:49',NULL),(735,38,'2020-01-06 17:30:58',NULL),(736,42,'2020-01-06 17:31:09',NULL),(737,101,'2020-01-06 20:12:02',NULL),(738,97,'2020-01-06 20:13:21',NULL),(739,52,'2020-01-09 14:23:46',NULL),(740,69,'2020-01-09 14:24:25',NULL),(741,52,'2020-01-09 14:27:07',NULL),(742,52,'2020-01-09 14:27:26',NULL),(743,107,'2020-01-10 09:26:50',NULL),(744,104,'2020-01-10 09:26:52',NULL),(745,103,'2020-01-10 09:26:57',NULL),(746,102,'2020-01-10 09:26:58',NULL),(747,101,'2020-01-10 09:52:50',NULL),(748,100,'2020-01-10 09:52:50',NULL),(749,99,'2020-01-10 09:52:52',NULL),(750,98,'2020-01-10 09:52:52',NULL),(751,97,'2020-01-10 09:52:55',NULL),(752,96,'2020-01-10 09:52:56',NULL),(753,42,'2020-01-10 10:51:32',NULL),(754,38,'2020-01-10 10:53:13',NULL),(755,42,'2020-01-10 10:53:29',NULL),(756,10,'2020-01-10 13:28:45',NULL),(757,11,'2020-01-10 13:28:46',NULL),(758,1,'2020-01-10 13:28:53',NULL),(759,4,'2020-01-10 13:28:55',NULL),(760,8,'2020-01-10 13:28:57',NULL),(761,22,'2020-01-10 13:29:06',NULL),(762,4,'2020-01-10 13:29:29',NULL),(763,8,'2020-01-10 13:29:31',NULL),(764,23,'2020-01-10 13:29:37',NULL),(765,12,'2020-01-10 13:29:40',NULL),(766,22,'2020-01-10 13:29:56',NULL),(767,42,'2020-01-10 13:41:02',NULL),(768,35,'2020-01-10 13:56:43',NULL),(769,31,'2020-01-10 13:56:47',NULL),(770,34,'2020-01-10 13:56:50',NULL),(771,29,'2020-01-10 13:56:56',NULL),(772,41,'2020-01-10 13:57:04',NULL),(773,58,'2020-01-10 13:58:08',NULL),(774,52,'2020-01-10 13:58:12',NULL),(775,56,'2020-01-10 13:58:14',NULL),(776,55,'2020-01-10 13:58:16',NULL),(777,54,'2020-01-10 13:58:23',NULL),(778,48,'2020-01-10 13:58:29',NULL),(779,59,'2020-01-10 13:59:25',NULL),(780,64,'2020-01-10 13:59:29',NULL),(781,65,'2020-01-10 13:59:34',NULL),(782,67,'2020-01-10 13:59:37',NULL),(783,61,'2020-01-10 13:59:40',NULL),(784,79,'2020-01-10 14:00:44',NULL),(785,83,'2020-01-10 14:00:46',NULL),(786,84,'2020-01-10 14:00:49',NULL),(787,78,'2020-01-10 14:00:50',NULL),(788,86,'2020-01-10 14:00:53',NULL),(789,104,'2020-01-10 14:01:48',NULL),(790,102,'2020-01-10 14:01:49',NULL),(791,107,'2020-01-10 14:01:50',NULL),(792,103,'2020-01-10 14:01:51',NULL),(793,88,'2020-01-10 14:01:53',NULL),(794,95,'2020-01-10 14:02:23',NULL),(795,11,'2020-01-10 15:19:26',NULL),(796,11,'2020-01-10 15:19:36',NULL),(797,13,'2020-01-15 14:37:54',NULL),(798,103,'2020-01-15 14:45:31',NULL),(799,102,'2020-01-17 18:01:26',NULL),(800,100,'2020-01-17 18:01:34',NULL),(801,102,'2020-01-17 18:01:47',NULL),(802,74,'2020-02-27 12:59:17',NULL),(803,1,'2020-02-27 14:19:45',NULL),(804,5,'2020-02-27 14:20:09',NULL),(805,5,'2020-02-27 15:55:37',NULL),(806,23,'2020-02-29 12:34:10',NULL),(807,42,'2020-03-03 13:01:45',NULL),(808,38,'2020-03-03 13:02:37',NULL);
/*!40000 ALTER TABLE `s_product_view` ENABLE KEYS */;
UNLOCK TABLES;

--
-- Table structure for table `s_slide_view`
--

DROP TABLE IF EXISTS `s_slide_view`;
/*!40101 SET @saved_cs_client     = @@character_set_client */;
/*!50503 SET character_set_client = utf8mb4 */;
CREATE TABLE `s_slide_view` (
  `id_slide_view` int(10) NOT NULL AUTO_INCREMENT,
  `id_slide` int(10) DEFAULT NULL,
  `created_at` datetime DEFAULT NULL,
  `updated_at` datetime DEFAULT NULL,
  PRIMARY KEY (`id_slide_view`)
) ENGINE=InnoDB AUTO_INCREMENT=92 DEFAULT CHARSET=latin1;
/*!40101 SET character_set_client = @saved_cs_client */;

--
-- Dumping data for table `s_slide_view`
--

LOCK TABLES `s_slide_view` WRITE;
/*!40000 ALTER TABLE `s_slide_view` DISABLE KEYS */;
INSERT INTO `s_slide_view` VALUES (23,10,'2019-09-09 22:47:14',NULL),(24,16,'2019-09-13 15:09:15',NULL),(25,16,'2019-09-13 15:09:15',NULL),(26,16,'2019-09-16 11:49:48',NULL),(27,16,'2019-09-16 11:50:59',NULL),(28,16,'2019-09-16 11:51:04',NULL),(29,17,'2019-09-16 17:15:08',NULL),(30,13,'2019-09-18 19:58:58',NULL),(31,17,'2019-10-03 20:30:46',NULL),(32,16,'2019-10-07 12:24:53',NULL),(33,13,'2019-10-10 17:28:30',NULL),(34,28,'2019-10-14 21:25:29',NULL),(35,28,'2019-10-14 21:26:33',NULL),(36,28,'2019-10-14 21:27:01',NULL),(37,28,'2019-10-14 21:27:29',NULL),(38,31,'2019-10-15 10:04:37',NULL),(39,36,'2019-10-29 09:34:31',NULL),(40,92,'2019-11-16 20:51:37',NULL),(41,92,'2019-11-16 20:53:40',NULL),(42,92,'2019-11-16 21:17:18',NULL),(43,92,'2019-11-18 12:38:04',NULL),(44,92,'2019-11-18 12:38:10',NULL),(45,92,'2019-11-18 12:38:31',NULL),(46,92,'2019-11-18 12:38:38',NULL),(47,92,'2019-11-18 12:38:45',NULL),(48,92,'2019-11-18 12:39:50',NULL),(49,92,'2019-11-18 12:39:52',NULL),(50,92,'2019-11-18 12:40:00',NULL),(51,92,'2019-11-18 12:40:01',NULL),(52,92,'2019-11-18 12:40:04',NULL),(53,92,'2019-11-18 12:40:26',NULL),(54,92,'2019-11-18 12:40:27',NULL),(55,2,'2019-11-18 12:40:42',NULL),(56,92,'2019-11-18 12:40:43',NULL),(57,2,'2019-11-18 12:40:51',NULL),(58,92,'2019-11-18 12:41:22',NULL),(59,92,'2019-11-18 12:42:17',NULL),(60,92,'2019-11-18 12:43:03',NULL),(61,91,'2019-11-21 22:37:34',NULL),(62,90,'2019-11-22 18:53:44',NULL),(63,28,'2019-12-09 18:05:15',NULL),(64,92,'2019-12-15 17:28:11',NULL),(65,92,'2019-12-15 17:28:39',NULL),(66,92,'2019-12-15 17:28:44',NULL),(67,89,'2019-12-19 13:12:52',NULL),(68,92,'2019-12-19 13:13:02',NULL),(69,87,'2019-12-20 18:22:12',NULL),(70,31,'2019-12-26 20:17:27',NULL),(71,88,'2020-01-06 19:53:16',NULL),(72,92,'2020-01-06 20:12:16',NULL),(73,92,'2020-01-06 20:17:23',NULL),(74,64,'2020-01-08 16:38:38',NULL),(75,90,'2020-01-11 00:58:19',NULL),(76,90,'2020-01-11 00:58:52',NULL),(77,91,'2020-01-17 18:01:46',NULL),(78,87,'2020-01-25 13:23:41',NULL),(79,13,'2020-01-27 19:32:56',NULL),(80,0,'2020-01-27 19:33:01',NULL),(81,2,'2020-01-27 19:33:13',NULL),(82,87,'2020-01-27 19:33:16',NULL),(83,17,'2020-01-27 19:33:18',NULL),(84,13,'2020-02-12 02:01:35',NULL),(85,0,'2020-02-12 02:01:41',NULL),(86,2,'2020-02-12 02:01:51',NULL),(87,87,'2020-02-12 02:01:55',NULL),(88,17,'2020-02-12 02:01:57',NULL),(89,31,'2020-02-27 09:06:02',NULL),(90,31,'2020-02-27 09:06:05',NULL),(91,91,'2020-02-27 15:24:31',NULL);
/*!40000 ALTER TABLE `s_slide_view` ENABLE KEYS */;
UNLOCK TABLES;

--
-- Table structure for table `s_website_view`
--

DROP TABLE IF EXISTS `s_website_view`;
/*!40101 SET @saved_cs_client     = @@character_set_client */;
/*!50503 SET character_set_client = utf8mb4 */;
CREATE TABLE `s_website_view` (
  `id_website_view` int(10) NOT NULL AUTO_INCREMENT,
  `country` varchar(255) DEFAULT NULL,
  `country_code` varchar(255) DEFAULT NULL,
  `state` varchar(255) DEFAULT NULL,
  `city` varchar(255) DEFAULT NULL,
  `ip_address` varchar(255) DEFAULT NULL,
  `created_at` datetime DEFAULT NULL,
  `updated_at` datetime DEFAULT NULL,
  PRIMARY KEY (`id_website_view`)
) ENGINE=InnoDB AUTO_INCREMENT=3336 DEFAULT CHARSET=latin1;
/*!40101 SET character_set_client = @saved_cs_client */;

--
-- Dumping data for table `s_website_view`
--

LOCK TABLES `s_website_view` WRITE;
/*!40000 ALTER TABLE `s_website_view` DISABLE KEYS */;
INSERT INTO `s_website_view` VALUES (1753,NULL,NULL,NULL,NULL,NULL,'2019-09-09 22:46:41',NULL),(1754,NULL,NULL,NULL,NULL,NULL,'2019-09-09 22:46:42',NULL),(1755,NULL,NULL,NULL,NULL,NULL,'2019-09-09 22:46:59',NULL),(1756,NULL,NULL,NULL,NULL,NULL,'2019-09-09 22:47:17',NULL),(1757,NULL,NULL,NULL,NULL,NULL,'2019-09-10 06:43:33',NULL),(1758,NULL,NULL,NULL,NULL,NULL,'2019-09-10 06:45:34',NULL),(1759,NULL,NULL,NULL,NULL,NULL,'2019-09-10 06:50:26',NULL),(1760,NULL,NULL,NULL,NULL,NULL,'2019-09-10 06:50:27',NULL),(1761,NULL,NULL,NULL,NULL,NULL,'2019-09-10 06:50:42',NULL),(1762,NULL,NULL,NULL,NULL,NULL,'2019-09-10 06:50:43',NULL),(1763,NULL,NULL,NULL,NULL,NULL,'2019-09-10 06:52:12',NULL),(1764,NULL,NULL,NULL,NULL,NULL,'2019-09-10 06:52:13',NULL),(1765,NULL,NULL,NULL,NULL,NULL,'2019-09-10 06:56:21',NULL),(1766,NULL,NULL,NULL,NULL,NULL,'2019-09-10 06:56:21',NULL),(1767,NULL,NULL,NULL,NULL,NULL,'2019-09-10 07:39:48',NULL),(1768,NULL,NULL,NULL,NULL,NULL,'2019-09-10 07:39:48',NULL),(1769,NULL,NULL,NULL,NULL,NULL,'2019-09-10 07:40:34',NULL),(1770,NULL,NULL,NULL,NULL,NULL,'2019-09-10 07:40:34',NULL),(1771,NULL,NULL,NULL,NULL,NULL,'2019-09-10 08:14:42',NULL),(1772,NULL,NULL,NULL,NULL,NULL,'2019-09-10 08:14:59',NULL),(1773,NULL,NULL,NULL,NULL,NULL,'2019-09-10 08:18:42',NULL),(1774,NULL,NULL,NULL,NULL,NULL,'2019-09-10 08:32:57',NULL),(1775,NULL,NULL,NULL,NULL,NULL,'2019-09-10 08:32:57',NULL),(1776,NULL,NULL,NULL,NULL,NULL,'2019-09-10 08:35:36',NULL),(1777,NULL,NULL,NULL,NULL,NULL,'2019-09-10 08:36:00',NULL),(1778,NULL,NULL,NULL,NULL,NULL,'2019-09-10 09:12:54',NULL),(1779,NULL,NULL,NULL,NULL,NULL,'2019-09-10 09:55:13',NULL),(1780,NULL,NULL,NULL,NULL,NULL,'2019-09-11 00:00:11',NULL),(1781,NULL,NULL,NULL,NULL,NULL,'2019-09-11 00:02:06',NULL),(1782,NULL,NULL,NULL,NULL,NULL,'2019-09-11 11:32:13',NULL),(1783,'Indonesia','ID','East Java','Madiun','182.253.188.146','2019-09-11 11:34:47',NULL),(1784,'Indonesia','ID','East Java','Madiun','182.253.188.146','2019-09-11 12:00:28',NULL),(1785,'Indonesia','ID','East Java','Madiun','182.253.188.146','2019-09-11 12:00:34',NULL),(1786,'Indonesia','ID','East Java','Madiun','182.253.188.146','2019-09-11 12:01:27',NULL),(1787,'Indonesia','ID','','','140.213.131.152','2019-09-11 18:04:11',NULL),(1788,'Indonesia','ID','','','140.213.131.152','2019-09-11 18:06:57',NULL),(1789,'Indonesia','ID','','','140.213.131.152','2019-09-11 18:10:01',NULL),(1790,'Indonesia','ID','','','140.213.131.152','2019-09-11 18:11:03',NULL),(1791,'Indonesia','ID','Banten','Tangerang','36.71.69.228','2019-09-11 18:11:24',NULL),(1792,'Indonesia','ID','East Java','Surabaya','182.1.95.35','2019-09-11 18:14:18',NULL),(1793,'Indonesia','ID','Jakarta','Jakarta','114.4.221.22','2019-09-11 18:15:13',NULL),(1794,'Indonesia','ID','East Java','Surabaya','182.1.106.106','2019-09-11 20:26:37',NULL),(1795,'Indonesia','ID','East Java','Surabaya','182.1.106.106','2019-09-11 20:27:27',NULL),(1796,'Indonesia','ID','East Java','Surabaya','182.1.126.86','2019-09-11 21:44:53',NULL),(1797,'Indonesia','ID','East Java','Surabaya','182.1.126.86','2019-09-11 21:45:59',NULL),(1798,'Indonesia','ID','East Java','Surabaya','114.125.77.155','2019-09-12 05:23:16',NULL),(1799,'France','FR','Paris','Paris','185.189.113.46','2019-09-12 06:52:21',NULL),(1800,'United Kingdom','GB','Croydon','Norwood','87.112.183.75','2019-09-12 06:52:21',NULL),(1801,'Germany','DE','Hesse','Frankfurt am Main','89.249.65.21','2019-09-12 06:52:21',NULL),(1802,'Germany','DE','Hesse','Frankfurt am Main','89.249.65.21','2019-09-12 06:52:28',NULL),(1803,'United States','US','Illinois','Chicago','167.160.172.39','2019-09-12 06:52:28',NULL),(1804,'United Kingdom','GB','England','London','46.101.94.163','2019-09-12 06:53:24',NULL),(1805,'France','FR','Paris','Paris','212.83.178.95','2019-09-12 06:53:25',NULL),(1806,'United States','US','Virginia','Ashburn','70.32.0.130','2019-09-12 06:53:25',NULL),(1807,'South Africa','ZA','Gauteng','Pretoria','197.242.159.110','2019-09-12 06:53:26',NULL),(1808,'United Kingdom','GB','Croydon','Norwood','87.112.183.75','2019-09-12 06:53:49',NULL),(1809,'United States','US','Virginia','Ashburn','70.32.0.130','2019-09-12 06:53:49',NULL),(1810,'United Kingdom','GB','','','51.75.162.53','2019-09-12 13:12:43',NULL),(1811,'United States','US','District of Columbia','Washington','207.244.71.38','2019-09-12 13:12:43',NULL),(1812,'France','FR','','','95.130.10.69','2019-09-12 13:12:43',NULL),(1813,'United Kingdom','GB','','','87.113.77.200','2019-09-12 13:12:43',NULL),(1814,'Germany','DE','Hesse','Frankfurt am Main','5.62.41.136','2019-09-12 13:12:47',NULL),(1815,'United Kingdom','GB','Bath and North East Somerset','Bath','79.73.67.161','2019-09-12 13:12:56',NULL),(1816,'Norway','NO','Oslo County','Oslo','217.170.206.26','2019-09-12 13:12:56',NULL),(1817,'United States','US','Virginia','Ashburn','70.32.0.113','2019-09-12 13:12:56',NULL),(1818,'South Africa','ZA','Gauteng','Johannesburg','155.254.115.71','2019-09-12 13:12:56',NULL),(1819,'France','FR','','','80.67.172.162','2019-09-12 13:13:09',NULL),(1820,'Thailand','TH','','','210.1.18.180','2019-09-12 22:20:56',NULL),(1821,'Thailand','TH','','','210.1.18.180','2019-09-12 22:21:59',NULL),(1822,'Thailand','TH','','','210.1.18.180','2019-09-12 22:22:35',NULL),(1823,'Thailand','TH','','','210.1.18.180','2019-09-12 22:22:36',NULL),(1824,'Thailand','TH','','','210.1.18.180','2019-09-12 22:25:10',NULL),(1825,'Indonesia','ID','East Java','Surabaya','114.125.68.250','2019-09-12 22:31:00',NULL),(1826,'Indonesia','ID','East Java','Surabaya','114.125.95.15','2019-09-12 22:43:43',NULL),(1827,'Indonesia','ID','East Java','Surabaya','114.125.95.15','2019-09-12 23:03:50',NULL),(1828,'Indonesia','ID','East Java','Surabaya','114.125.95.15','2019-09-12 23:03:50',NULL),(1829,'Indonesia','ID','East Java','Surabaya','114.125.95.15','2019-09-12 23:03:54',NULL),(1830,'Indonesia','ID','East Java','Surabaya','114.125.95.15','2019-09-12 23:03:54',NULL),(1831,'Indonesia','ID','East Java','Surabaya','114.125.95.15','2019-09-12 23:47:33',NULL),(1832,'Indonesia','ID','East Java','Surabaya','114.125.95.15','2019-09-12 23:47:33',NULL),(1833,'Indonesia','ID','East Java','Surabaya','114.125.95.15','2019-09-12 23:47:37',NULL),(1834,'Indonesia','ID','East Java','Surabaya','114.125.95.15','2019-09-12 23:47:37',NULL),(1835,'Indonesia','ID','East Java','Surabaya','114.125.95.15','2019-09-13 00:11:26',NULL),(1836,'Indonesia','ID','East Java','Surabaya','182.1.81.28','2019-09-13 00:11:46',NULL),(1837,'Indonesia','ID','East Java','Surabaya','182.1.81.28','2019-09-13 00:11:47',NULL),(1838,'Indonesia','ID','East Java','Surabaya','182.1.81.28','2019-09-13 00:11:50',NULL),(1839,'Indonesia','ID','East Java','Surabaya','182.1.81.28','2019-09-13 00:11:51',NULL),(1840,'Indonesia','ID','East Java','Surabaya','182.1.116.123','2019-09-13 00:12:12',NULL),(1841,'Indonesia','ID','East Java','Surabaya','182.1.116.123','2019-09-13 00:12:59',NULL),(1842,'Indonesia','ID','East Java','Surabaya','114.125.95.15','2019-09-13 00:13:38',NULL),(1843,'Indonesia','ID','East Java','Surabaya','114.125.95.15','2019-09-13 00:20:57',NULL),(1844,'Indonesia','ID','East Java','Surabaya','114.125.95.15','2019-09-13 00:20:57',NULL),(1845,'Indonesia','ID','East Java','Surabaya','114.125.95.15','2019-09-13 00:21:01',NULL),(1846,'Indonesia','ID','East Java','Surabaya','114.125.95.15','2019-09-13 00:21:01',NULL),(1847,'Indonesia','ID','East Java','Surabaya','182.1.116.84','2019-09-13 00:25:54',NULL),(1848,'Thailand','TH','','','210.1.18.180','2019-09-13 00:28:33',NULL),(1849,'Thailand','TH','','','210.1.18.180','2019-09-13 00:28:46',NULL),(1850,'Thailand','TH','','','210.1.18.180','2019-09-13 00:29:17',NULL),(1851,'Thailand','TH','','','210.1.18.180','2019-09-13 00:29:33',NULL),(1852,'Thailand','TH','','','210.1.18.180','2019-09-13 00:30:49',NULL),(1853,'Thailand','TH','','','210.1.18.180','2019-09-13 00:33:41',NULL),(1854,'Thailand','TH','','','210.1.18.180','2019-09-13 00:46:56',NULL),(1855,NULL,NULL,NULL,NULL,NULL,'2019-09-13 00:48:33',NULL),(1856,NULL,NULL,NULL,NULL,NULL,'2019-09-13 00:48:50',NULL),(1857,NULL,NULL,NULL,NULL,NULL,'2019-09-13 00:48:59',NULL),(1858,NULL,NULL,NULL,NULL,NULL,'2019-09-13 00:48:59',NULL),(1859,NULL,NULL,NULL,NULL,NULL,'2019-09-13 00:49:07',NULL),(1860,'United States','US','','','64.233.172.151','2019-09-13 01:12:54',NULL),(1861,'United States','US','','','64.233.172.151','2019-09-13 01:13:03',NULL),(1862,'United States','US','','','64.233.172.153','2019-09-13 01:13:05',NULL),(1863,'United States','US','','','66.102.9.139','2019-09-13 01:13:07',NULL),(1864,'United States','US','','','64.233.172.151','2019-09-13 01:13:08',NULL),(1865,'United States','US','','','64.233.172.155','2019-09-13 01:13:11',NULL),(1866,'United States','US','','','64.233.172.153','2019-09-13 01:13:12',NULL),(1867,'United States','US','','','64.233.172.151','2019-09-13 01:13:15',NULL),(1868,'United States','US','','','64.233.172.153','2019-09-13 01:13:17',NULL),(1869,'United States','US','','','64.233.172.151','2019-09-13 01:13:17',NULL),(1870,'United States','US','','','64.233.172.151','2019-09-13 01:13:18',NULL),(1871,'United States','US','','','64.233.172.153','2019-09-13 01:13:20',NULL),(1872,'United States','US','','','64.233.172.151','2019-09-13 01:13:22',NULL),(1873,'United States','US','','','66.102.9.137','2019-09-13 01:13:26',NULL),(1874,'United States','US','','','64.233.172.153','2019-09-13 01:13:27',NULL),(1875,'United States','US','','','64.233.172.151','2019-09-13 01:13:30',NULL),(1876,'United States','US','','','64.233.172.153','2019-09-13 01:13:31',NULL),(1877,'United States','US','','','64.233.172.151','2019-09-13 01:13:34',NULL),(1878,'United States','US','','','66.102.9.135','2019-09-13 01:13:38',NULL),(1879,'United States','US','','','66.102.9.135','2019-09-13 01:13:45',NULL),(1880,'United States','US','','','66.102.9.135','2019-09-13 01:13:45',NULL),(1881,'Thailand','TH','','','210.1.18.180','2019-09-13 01:20:20',NULL),(1882,'United States','US','','','66.102.9.137','2019-09-13 01:22:19',NULL),(1883,'United States','US','','','66.102.9.135','2019-09-13 01:22:36',NULL),(1884,'United States','US','','','66.102.9.135','2019-09-13 01:22:47',NULL),(1885,'United States','US','','','66.102.9.137','2019-09-13 01:22:55',NULL),(1886,'Germany','DE','Hesse','Frankfurt am Main','5.62.41.137','2019-09-13 01:56:01',NULL),(1887,'United Kingdom','GB','England','London','46.101.94.163','2019-09-13 01:56:01',NULL),(1888,'United Kingdom','GB','Wigan','Leigh','87.114.200.178','2019-09-13 01:56:01',NULL),(1889,'United States','US','Virginia','Ashburn','70.32.0.131','2019-09-13 01:56:02',NULL),(1890,'France','FR','Paris','Paris','194.187.249.61','2019-09-13 01:56:02',NULL),(1891,'United Kingdom','GB','England','London','46.101.94.163','2019-09-13 02:00:33',NULL),(1892,'France','FR','Paris','Paris','194.187.249.61','2019-09-13 02:00:33',NULL),(1893,'United Kingdom','GB','Wigan','Leigh','87.114.200.178','2019-09-13 02:01:02',NULL),(1894,'France','FR','Paris','Paris','194.187.249.61','2019-09-13 02:01:02',NULL),(1895,'United Kingdom','GB','England','London','46.101.94.163','2019-09-13 02:01:02',NULL),(1896,'Indonesia','ID','East Java','Surabaya','114.125.69.153','2019-09-13 05:26:28',NULL),(1897,'Indonesia','ID','East Java','Surabaya','114.125.69.153','2019-09-13 05:32:15',NULL),(1898,'Indonesia','ID','East Java','Surabaya','114.125.69.153','2019-09-13 05:36:41',NULL),(1899,'Indonesia','ID','East Java','Madiun','182.253.188.146','2019-09-13 08:04:44',NULL),(1900,'Indonesia','ID','East Java','Madiun','182.253.188.146','2019-09-13 08:05:35',NULL),(1901,'Indonesia','ID','East Java','Madiun','182.253.188.146','2019-09-13 09:37:04',NULL),(1902,'Indonesia','ID','East Java','Madiun','182.253.188.146','2019-09-13 09:37:05',NULL),(1903,'Indonesia','ID','East Java','Madiun','182.253.188.146','2019-09-13 09:37:09',NULL),(1904,'Indonesia','ID','East Java','Madiun','182.253.188.146','2019-09-13 09:37:09',NULL),(1905,'Indonesia','ID','East Java','Madiun','182.253.188.146','2019-09-13 09:52:23',NULL),(1906,'Indonesia','ID','East Java','Madiun','182.253.188.146','2019-09-13 09:52:55',NULL),(1907,'Indonesia','ID','East Java','Madiun','182.253.188.146','2019-09-13 09:52:55',NULL),(1908,'Indonesia','ID','East Java','Madiun','182.253.188.146','2019-09-13 09:52:59',NULL),(1909,'Indonesia','ID','East Java','Madiun','182.253.188.146','2019-09-13 09:52:59',NULL),(1910,'Indonesia','ID','East Java','Madiun','182.253.188.146','2019-09-13 10:22:36',NULL),(1911,'United States','US','','','66.102.9.135','2019-09-13 10:38:16',NULL),(1912,'United States','US','','','64.233.172.151','2019-09-13 10:38:28',NULL),(1913,'United States','US','','','64.233.172.151','2019-09-13 10:38:30',NULL),(1914,'United States','US','','','66.102.9.139','2019-09-13 10:38:32',NULL),(1915,'United States','US','','','64.233.172.155','2019-09-13 10:38:33',NULL),(1916,'United States','US','','','64.233.172.151','2019-09-13 10:38:39',NULL),(1917,'United States','US','','','66.102.9.139','2019-09-13 10:38:39',NULL),(1918,NULL,NULL,NULL,NULL,NULL,'2019-09-13 10:38:41',NULL),(1919,'United States','US','','','64.233.172.153','2019-09-13 10:38:41',NULL),(1920,'United States','US','','','66.102.9.135','2019-09-13 10:38:42',NULL),(1921,'United States','US','','','66.102.9.137','2019-09-13 10:38:42',NULL),(1922,'United States','US','','','64.233.172.155','2019-09-13 10:38:45',NULL),(1923,'United States','US','','','64.233.172.155','2019-09-13 10:38:49',NULL),(1924,'United States','US','','','66.102.9.139','2019-09-13 10:38:49',NULL),(1925,'United States','US','','','64.233.172.153','2019-09-13 10:38:53',NULL),(1926,'United States','US','','','66.102.9.135','2019-09-13 10:38:55',NULL),(1927,'United States','US','','','64.233.172.151','2019-09-13 10:38:55',NULL),(1928,NULL,NULL,NULL,NULL,NULL,'2019-09-13 10:38:56',NULL),(1929,'United States','US','','','66.102.9.137','2019-09-13 10:39:03',NULL),(1930,NULL,NULL,NULL,NULL,NULL,'2019-09-13 10:39:06',NULL),(1931,'United States','US','','','66.102.9.135','2019-09-13 10:39:06',NULL),(1932,NULL,NULL,NULL,NULL,NULL,'2019-09-13 10:39:08',NULL),(1933,'United States','US','','','66.102.9.139','2019-09-13 10:39:10',NULL),(1934,NULL,NULL,NULL,NULL,NULL,'2019-09-13 10:39:12',NULL),(1935,'Indonesia','ID','East Java','Madiun','182.253.188.146','2019-09-13 10:42:24',NULL),(1936,'Indonesia','ID','East Java','Madiun','182.253.188.146','2019-09-13 10:42:24',NULL),(1937,'Indonesia','ID','East Java','Madiun','182.253.188.146','2019-09-13 10:42:28',NULL),(1938,'Indonesia','ID','East Java','Madiun','182.253.188.146','2019-09-13 10:42:30',NULL),(1939,'Indonesia','ID','East Java','Madiun','182.253.188.146','2019-09-13 10:43:51',NULL),(1940,'Indonesia','ID','East Java','Madiun','182.253.188.146','2019-09-13 10:43:51',NULL),(1941,'Indonesia','ID','East Java','Madiun','182.253.188.146','2019-09-13 10:43:55',NULL),(1942,'Indonesia','ID','East Java','Madiun','182.253.188.146','2019-09-13 10:43:55',NULL),(1943,NULL,NULL,NULL,NULL,NULL,'2019-09-13 10:53:49',NULL),(1944,NULL,NULL,NULL,NULL,NULL,'2019-09-13 10:54:04',NULL),(1945,'United States','US','','','66.102.9.135','2019-09-13 10:54:08',NULL),(1946,NULL,NULL,NULL,NULL,NULL,'2019-09-13 10:54:14',NULL),(1947,NULL,NULL,NULL,NULL,NULL,'2019-09-13 10:54:20',NULL),(1948,NULL,NULL,NULL,NULL,NULL,'2019-09-13 10:54:22',NULL),(1949,'United States','US','','','66.102.9.139','2019-09-13 10:54:26',NULL),(1950,'United States','US','','','66.102.9.135','2019-09-13 10:54:37',NULL),(1951,'United States','US','','','64.233.172.151','2019-09-13 10:54:39',NULL),(1952,'United States','US','','','66.102.9.135','2019-09-13 10:54:39',NULL),(1953,'United States','US','','','66.102.9.137','2019-09-13 10:54:42',NULL),(1954,'United States','US','','','66.102.9.135','2019-09-13 10:54:43',NULL),(1955,'United States','US','','','64.233.172.153','2019-09-13 10:54:44',NULL),(1956,'United States','US','','','66.102.9.137','2019-09-13 10:54:52',NULL),(1957,'United States','US','','','64.233.172.155','2019-09-13 10:54:55',NULL),(1958,'United States','US','','','64.233.172.153','2019-09-13 10:54:58',NULL),(1959,NULL,NULL,NULL,NULL,NULL,'2019-09-13 10:54:59',NULL),(1960,'United States','US','','','66.102.9.139','2019-09-13 10:55:02',NULL),(1961,'United States','US','','','66.102.9.137','2019-09-13 10:55:09',NULL),(1962,'United States','US','','','66.102.9.135','2019-09-13 10:55:10',NULL),(1963,NULL,NULL,NULL,NULL,NULL,'2019-09-13 10:55:14',NULL),(1964,NULL,NULL,NULL,NULL,NULL,'2019-09-13 10:55:23',NULL),(1965,NULL,NULL,NULL,NULL,NULL,'2019-09-13 10:55:30',NULL),(1966,'Indonesia','ID','East Java','Madiun','182.253.188.146','2019-09-13 11:32:50',NULL),(1967,'Indonesia','ID','East Java','Madiun','182.253.188.146','2019-09-13 11:32:50',NULL),(1968,'Indonesia','ID','East Java','Madiun','182.253.188.146','2019-09-13 11:32:54',NULL),(1969,'Indonesia','ID','East Java','Madiun','182.253.188.146','2019-09-13 11:32:55',NULL),(1970,'United States','US','','','64.233.172.155','2019-09-13 12:33:41',NULL),(1971,'United States','US','','','64.233.172.151','2019-09-13 12:33:51',NULL),(1972,'United States','US','','','64.233.172.155','2019-09-13 12:34:00',NULL),(1973,'United States','US','','','64.233.172.151','2019-09-13 12:34:04',NULL),(1974,'United States','US','','','66.102.9.139','2019-09-13 12:34:08',NULL),(1975,'United States','US','','','66.102.9.137','2019-09-13 12:34:26',NULL),(1976,'United States','US','','','66.102.9.139','2019-09-13 12:34:37',NULL),(1977,'United States','US','','','66.102.9.137','2019-09-13 12:34:43',NULL),(1978,'United States','US','','','66.102.9.135','2019-09-13 12:34:44',NULL),(1979,'Thailand','TH','','','210.1.18.180','2019-09-13 15:09:00',NULL),(1980,'Thailand','TH','','','210.1.18.180','2019-09-13 15:09:02',NULL),(1981,'Thailand','TH','','','210.1.18.180','2019-09-13 15:09:20',NULL),(1982,'Indonesia','ID','East Java','Madiun','182.253.188.146','2019-09-13 15:41:02',NULL),(1983,'Indonesia','ID','East Java','Madiun','182.253.188.146','2019-09-13 15:41:02',NULL),(1984,'Indonesia','ID','East Java','Madiun','182.253.188.146','2019-09-13 15:41:06',NULL),(1985,'Indonesia','ID','East Java','Madiun','182.253.188.146','2019-09-13 15:41:06',NULL),(1986,NULL,NULL,NULL,NULL,NULL,'2019-09-13 16:41:38',NULL),(1987,NULL,NULL,NULL,NULL,NULL,'2019-09-13 16:41:54',NULL),(1988,NULL,NULL,NULL,NULL,NULL,'2019-09-13 16:42:05',NULL),(1989,NULL,NULL,NULL,NULL,NULL,'2019-09-13 16:42:08',NULL),(1990,NULL,NULL,NULL,NULL,NULL,'2019-09-13 16:42:11',NULL),(1991,NULL,NULL,NULL,NULL,NULL,'2019-09-13 16:42:20',NULL),(1992,NULL,NULL,NULL,NULL,NULL,'2019-09-13 16:42:35',NULL),(1993,NULL,NULL,NULL,NULL,NULL,'2019-09-13 16:42:44',NULL),(1994,NULL,NULL,NULL,NULL,NULL,'2019-09-13 16:42:48',NULL),(1995,NULL,NULL,NULL,NULL,NULL,'2019-09-13 16:42:48',NULL),(1996,'Indonesia','ID','East Java','Surabaya','114.125.95.57','2019-09-13 18:44:41',NULL),(1997,'Indonesia','ID','East Java','Surabaya','114.125.95.57','2019-09-13 18:44:42',NULL),(1998,'Indonesia','ID','East Java','Surabaya','114.125.95.57','2019-09-13 18:44:46',NULL),(1999,'Indonesia','ID','East Java','Surabaya','114.125.95.57','2019-09-13 18:44:46',NULL),(2000,'Indonesia','ID','East Java','Surabaya','182.1.78.26','2019-09-13 18:58:41',NULL),(2001,'United States','US','New York','New York','157.230.173.0','2019-09-14 01:14:39',NULL),(2002,'Germany','DE','Hesse','Frankfurt am Main','165.227.163.166','2019-09-14 01:14:39',NULL),(2003,'United Kingdom','GB','Staffordshire','Stafford','81.174.188.122','2019-09-14 01:14:39',NULL),(2004,'South Africa','ZA','','','165.73.248.94','2019-09-14 01:14:40',NULL),(2005,'United Kingdom','GB','England','London','46.101.94.163','2019-09-14 01:44:02',NULL),(2006,'United Kingdom','GB','Staffordshire','Stafford','81.174.188.122','2019-09-14 01:44:02',NULL),(2007,'Germany','DE','Hesse','Frankfurt am Main','165.227.163.166','2019-09-14 01:44:02',NULL),(2008,'United States','US','New Jersey','Clifton','142.93.74.68','2019-09-14 01:44:03',NULL),(2009,'Thailand','TH','','','210.1.18.180','2019-09-14 04:10:00',NULL),(2010,'Indonesia','ID','East Java','Surabaya','182.1.81.147','2019-09-14 21:05:51',NULL),(2011,'Indonesia','ID','East Java','Surabaya','182.1.92.103','2019-09-15 13:40:28',NULL),(2012,'Indonesia','ID','Jakarta','Jakarta','175.158.44.11','2019-09-15 21:33:34',NULL),(2013,'United Kingdom','GB','','','109.169.33.163','2019-09-16 01:13:14',NULL),(2014,'United Kingdom','GB','England','London','84.93.39.186','2019-09-16 01:13:14',NULL),(2015,'United States','US','Kentucky','Louisville','192.171.255.41','2019-09-16 01:13:14',NULL),(2016,'South Africa','ZA','Gauteng','Johannesburg','155.254.115.71','2019-09-16 01:13:14',NULL),(2017,'Netherlands','NL','North Holland','Amsterdam','188.166.63.71','2019-09-16 04:08:20',NULL),(2018,'United Kingdom','GB','Dorset','Dorchester','79.73.69.17','2019-09-16 04:08:20',NULL),(2019,'Indonesia','ID','East Java','Surabaya','182.1.78.131','2019-09-16 06:35:31',NULL),(2020,'Indonesia','ID','East Java','Madiun','182.253.188.146','2019-09-16 08:47:03',NULL),(2021,'Indonesia','ID','Jakarta','Jakarta','140.213.50.203','2019-09-16 10:53:36',NULL),(2022,'Indonesia','ID','Jakarta','Jakarta','140.213.50.198','2019-09-16 11:49:33',NULL),(2023,'Indonesia','ID','Jakarta','Jakarta','140.213.50.198','2019-09-16 11:49:38',NULL),(2024,'Indonesia','ID','Jakarta','Jakarta','140.213.50.198','2019-09-16 11:51:00',NULL),(2025,'Indonesia','ID','Jakarta','Jakarta','140.213.50.198','2019-09-16 11:51:04',NULL),(2026,'Indonesia','ID','Jakarta','Jakarta','140.213.50.198','2019-09-16 11:51:12',NULL),(2027,'Indonesia','ID','Jakarta','Jakarta','140.213.50.198','2019-09-16 12:13:52',NULL),(2028,'Indonesia','ID','Jakarta','Jakarta','140.213.50.198','2019-09-16 12:39:16',NULL),(2029,'Indonesia','ID','East Java','Madiun','182.253.188.146','2019-09-16 15:57:58',NULL),(2030,'Indonesia','ID','Jakarta','Jakarta','175.158.44.11','2019-09-16 17:14:57',NULL),(2031,'Indonesia','ID','Jakarta','Jakarta','175.158.44.11','2019-09-16 17:15:14',NULL),(2032,'Indonesia','ID','Jakarta','Jakarta','175.158.44.11','2019-09-17 00:57:43',NULL),(2033,'Indonesia','ID','Jakarta','Jakarta','140.213.44.94','2019-09-17 13:43:11',NULL),(2034,'Indonesia','ID','Jakarta','Jakarta','140.213.44.94','2019-09-17 13:46:16',NULL),(2035,'Indonesia','ID','Jakarta','Jakarta','140.213.44.94','2019-09-17 13:47:48',NULL),(2036,'Indonesia','ID','East Java','Malang','125.166.117.49','2019-09-17 13:54:41',NULL),(2037,'Indonesia','ID','Jakarta','Jakarta','140.213.44.94','2019-09-17 13:58:27',NULL),(2038,'Indonesia','ID','East Java','Madiun','182.253.188.146','2019-09-17 14:06:27',NULL),(2039,'Taiwan','TW','Taipei City','Taipei','223.136.51.226','2019-09-17 15:22:22',NULL),(2040,'Taiwan','TW','Taipei City','Taipei','223.136.51.226','2019-09-17 15:23:05',NULL),(2041,'Taiwan','TW','Taipei City','Taipei','223.136.51.226','2019-09-17 15:28:28',NULL),(2042,'Taiwan','TW','Taipei City','Taipei','223.136.51.226','2019-09-17 15:28:28',NULL),(2043,'Taiwan','TW','Taipei City','Taipei','223.136.51.226','2019-09-17 15:28:29',NULL),(2044,'Taiwan','TW','Taipei City','Taipei','223.136.51.226','2019-09-17 15:28:29',NULL),(2045,'Taiwan','TW','New Taipei','Danshui','111.241.220.237','2019-09-17 21:33:29',NULL),(2046,'Indonesia','ID','East Java','Surabaya','182.1.112.208','2019-09-18 06:44:38',NULL),(2047,'Indonesia','ID','East Java','Surabaya','114.125.111.143','2019-09-18 19:58:23',NULL),(2048,'Indonesia','ID','East Java','Surabaya','114.125.111.143','2019-09-18 19:59:05',NULL),(2049,'Indonesia','ID','East Java','Madiun','182.253.188.146','2019-09-19 14:59:44',NULL),(2050,'Indonesia','ID','East Java','Madiun','182.253.188.146','2019-09-19 15:15:05',NULL),(2051,'Germany','DE','','','185.220.101.34','2019-09-20 01:20:20',NULL),(2052,'United Kingdom','GB','Hertfordshire','Hertford','87.112.154.227','2019-09-20 01:20:20',NULL),(2053,'South Africa','ZA','Gauteng','Kempton Park','196.251.250.245','2019-09-20 01:20:21',NULL),(2054,'United States','US','Delaware','','108.59.7.144','2019-09-20 01:20:21',NULL),(2055,'United Kingdom','GB','Hertfordshire','Hertford','87.112.154.227','2019-09-20 01:52:14',NULL),(2056,'South Africa','ZA','Gauteng','Kempton Park','196.251.250.201','2019-09-20 01:52:15',NULL),(2057,'United States','US','California','Santa Clara','207.189.24.14','2019-09-20 01:52:17',NULL),(2058,'United Kingdom','GB','','','109.169.33.163','2019-09-20 01:52:20',NULL),(2059,'United Kingdom','GB','Hertfordshire','Hertford','87.112.154.227','2019-09-20 01:54:34',NULL),(2060,'Germany','DE','Hesse','Frankfurt am Main','195.181.170.88','2019-09-20 01:54:34',NULL),(2061,'United States','US','California','Santa Clara','207.189.24.14','2019-09-20 01:54:35',NULL),(2062,'France','FR','Paris','Paris','92.222.127.232','2019-09-20 01:54:35',NULL),(2063,'Netherlands','NL','North Holland','Amsterdam','195.181.172.140','2019-09-20 01:54:38',NULL),(2064,'Indonesia','ID','East Java','Surabaya','112.215.173.220','2019-09-20 10:24:20',NULL),(2065,'Indonesia','ID','East Java','Surabaya','182.1.127.26','2019-09-22 15:56:55',NULL),(2066,'Indonesia','ID','East Java','Surabaya','182.1.127.26','2019-09-22 15:56:55',NULL),(2067,'Indonesia','ID','East Java','Surabaya','182.1.127.26','2019-09-22 15:57:00',NULL),(2068,'Indonesia','ID','East Java','Surabaya','182.1.127.26','2019-09-22 15:57:00',NULL),(2069,'Indonesia','ID','East Java','Surabaya','114.125.126.175','2019-09-22 20:02:46',NULL),(2070,'Indonesia','ID','East Java','Madiun','182.253.188.146','2019-09-23 10:40:51',NULL),(2071,'United States','US','District of Columbia','Washington','207.244.104.150','2019-09-23 23:03:53',NULL),(2072,'United States','US','','','38.111.164.192','2019-09-23 23:03:54',NULL),(2073,'Germany','DE','Hesse','Frankfurt am Main','3.120.149.217','2019-09-24 08:31:51',NULL),(2074,'Germany','DE','Hesse','Frankfurt am Main','3.120.149.217','2019-09-24 08:31:54',NULL),(2075,'Indonesia','ID','East Java','Madiun','182.253.188.146','2019-09-27 08:13:21',NULL),(2076,'Norway','NO','Oslo County','Oslo','217.170.205.107','2019-09-28 01:15:39',NULL),(2077,'France','FR','North','Roubaix','87.89.48.69','2019-09-28 01:15:39',NULL),(2078,'United Kingdom','GB','Dorset','Dorchester','79.73.71.219','2019-09-28 01:15:39',NULL),(2079,'Germany','DE','Hesse','Frankfurt am Main','5.62.41.137','2019-09-28 01:15:39',NULL),(2080,'United States','US','Illinois','Chicago','23.226.141.219','2019-09-28 01:15:39',NULL),(2081,'United Kingdom','GB','England','London','196.52.84.33','2019-09-28 01:17:14',NULL),(2082,'Germany','DE','Hesse','Frankfurt am Main','165.227.163.166','2019-09-28 01:17:14',NULL),(2083,'United Kingdom','GB','Lambeth','Streatham','213.162.101.44','2019-09-28 01:17:14',NULL),(2084,'Norway','NO','Oslo County','Oslo','82.102.27.78','2019-09-28 01:17:15',NULL),(2085,'Indonesia','ID','East Java','Surabaya','182.1.98.135','2019-09-28 07:20:10',NULL),(2086,'France','FR','Isère','Grenoble','212.83.147.249','2019-09-28 07:53:52',NULL),(2087,'Indonesia','ID','Jakarta','Jakarta','140.213.10.40','2019-09-28 13:22:12',NULL),(2088,'Indonesia','ID','Jakarta','Jakarta','175.158.44.11','2019-09-28 16:27:21',NULL),(2089,'France','FR','Paris','Paris','51.159.30.31','2019-09-30 12:10:49',NULL),(2090,'Indonesia','ID','Jakarta','Jakarta','175.158.44.11','2019-09-30 13:05:29',NULL),(2091,'France','FR','','','195.154.156.182','2019-09-30 18:51:20',NULL),(2092,'United States','US','Oregon','Boardman','52.34.201.57','2019-09-30 19:41:07',NULL),(2093,'Indonesia','ID','East Java','Surabaya','182.1.110.82','2019-09-30 21:30:42',NULL),(2094,'France','FR','Paris','Paris','51.159.0.165','2019-10-01 00:18:23',NULL),(2095,'Indonesia','ID','East Java','Surabaya','182.1.106.5','2019-10-01 07:56:59',NULL),(2096,'Indonesia','ID','East Java','Surabaya','182.1.105.36','2019-10-01 11:53:56',NULL),(2097,'Indonesia','ID','East Java','Surabaya','182.1.105.36','2019-10-01 11:54:47',NULL),(2098,'Indonesia','ID','East Java','Surabaya','182.1.105.36','2019-10-01 11:55:21',NULL),(2099,'Indonesia','ID','East Java','Surabaya','117.102.66.29','2019-10-01 14:42:13',NULL),(2100,'Indonesia','ID','East Java','Surabaya','182.1.120.178','2019-10-02 06:42:51',NULL),(2101,'Indonesia','ID','East Java','Surabaya','182.1.120.178','2019-10-02 06:46:01',NULL),(2102,'Indonesia','ID','East Java','Surabaya','182.1.120.178','2019-10-02 06:50:45',NULL),(2103,'Indonesia','ID','Jakarta','Jakarta','175.158.44.11','2019-10-02 16:36:56',NULL),(2104,'Indonesia','ID','Jakarta','Jakarta','175.158.44.11','2019-10-02 16:39:23',NULL),(2105,'United States','US','Oregon','Boardman','52.24.132.155','2019-10-03 00:26:20',NULL),(2106,'Indonesia','ID','East Java','Madiun','182.253.188.146','2019-10-03 09:41:42',NULL),(2107,'United States','US','Oregon','Boardman','34.216.159.68','2019-10-03 19:47:27',NULL),(2108,'Indonesia','ID','East Java','Surabaya','114.125.100.161','2019-10-03 20:29:44',NULL),(2109,'Indonesia','ID','East Java','Surabaya','114.125.100.161','2019-10-03 20:31:09',NULL),(2110,'France','FR','','','163.172.251.150','2019-10-05 00:13:21',NULL),(2111,'France','FR','Paris','Paris','51.159.30.29','2019-10-05 04:30:38',NULL),(2112,'France','FR','','','163.172.70.215','2019-10-05 08:16:57',NULL),(2113,NULL,NULL,NULL,NULL,NULL,'2019-10-05 14:59:34',NULL),(2114,'Indonesia','ID','East Java','Surabaya','182.1.73.41','2019-10-05 22:30:17',NULL),(2115,'Indonesia','ID','East Java','Surabaya','182.1.104.154','2019-10-06 09:42:12',NULL),(2116,'Indonesia','ID','East Java','Surabaya','182.1.104.154','2019-10-06 14:19:09',NULL),(2117,'Indonesia','ID','East Java','Surabaya','182.1.104.154','2019-10-06 14:33:03',NULL),(2118,'Indonesia','ID','Jakarta','Jakarta','175.158.44.11','2019-10-07 10:25:29',NULL),(2119,'Indonesia','ID','Jakarta','Jakarta','175.158.44.11','2019-10-07 10:29:12',NULL),(2120,'Indonesia','ID','East Java','Malang','125.166.119.128','2019-10-07 10:35:17',NULL),(2121,'Indonesia','ID','East Java','Malang','125.166.119.128','2019-10-07 10:35:54',NULL),(2122,'Indonesia','ID','East Java','Madiun','182.253.188.146','2019-10-07 10:52:21',NULL),(2123,'Indonesia','ID','East Java','Madiun','182.253.188.146','2019-10-07 10:54:27',NULL),(2124,'Indonesia','ID','Jakarta','Jakarta','175.158.44.11','2019-10-07 11:18:10',NULL),(2125,'Indonesia','ID','Jakarta','Jakarta','175.158.44.11','2019-10-07 12:24:42',NULL),(2126,'Indonesia','ID','Jakarta','Jakarta','175.158.44.11','2019-10-07 12:24:51',NULL),(2127,'Indonesia','ID','Jakarta','Jakarta','175.158.44.11','2019-10-07 12:24:54',NULL),(2128,'Indonesia','ID','Jakarta','Jakarta','175.158.44.11','2019-10-07 12:25:00',NULL),(2129,'Indonesia','ID','Jakarta','Jakarta','175.158.44.11','2019-10-07 12:25:07',NULL),(2130,'Indonesia','ID','Jakarta','Jakarta','175.158.44.11','2019-10-07 12:25:25',NULL),(2131,'Indonesia','ID','Jakarta','Jakarta','175.158.44.11','2019-10-07 12:25:40',NULL),(2132,'Indonesia','ID','East Java','Surabaya','114.125.101.84','2019-10-07 12:28:31',NULL),(2133,'Indonesia','ID','East Java','Surabaya','114.125.101.84','2019-10-07 12:28:36',NULL),(2134,'Indonesia','ID','East Java','Surabaya','114.125.101.84','2019-10-07 12:30:22',NULL),(2135,'Indonesia','ID','East Java','Surabaya','114.125.101.84','2019-10-07 12:30:30',NULL),(2136,'Indonesia','ID','East Java','Surabaya','114.125.101.84','2019-10-07 12:31:03',NULL),(2137,'Indonesia','ID','East Java','Surabaya','114.125.101.84','2019-10-07 12:31:07',NULL),(2138,'Indonesia','ID','Jakarta','Jakarta','175.158.44.11','2019-10-07 12:55:10',NULL),(2139,'Indonesia','ID','Jakarta','Jakarta','175.158.44.11','2019-10-07 12:55:22',NULL),(2140,'Indonesia','ID','Jakarta','Jakarta','175.158.44.11','2019-10-07 12:55:56',NULL),(2141,'Indonesia','ID','Jakarta','Jakarta','175.158.44.11','2019-10-07 12:55:57',NULL),(2142,'Indonesia','ID','Jakarta','Jakarta','175.158.44.11','2019-10-07 12:55:58',NULL),(2143,'Indonesia','ID','Jakarta','Jakarta','175.158.44.11','2019-10-07 12:55:58',NULL),(2144,'Indonesia','ID','Jakarta','Jakarta','175.158.44.11','2019-10-07 12:55:59',NULL),(2145,'Indonesia','ID','Jakarta','Jakarta','175.158.44.11','2019-10-07 12:55:59',NULL),(2146,'Indonesia','ID','Jakarta','Jakarta','175.158.44.11','2019-10-07 12:56:02',NULL),(2147,'Indonesia','ID','Jakarta','Jakarta','175.158.44.11','2019-10-07 12:56:05',NULL),(2148,'Indonesia','ID','Jakarta','Jakarta','175.158.44.11','2019-10-07 12:56:07',NULL),(2149,'Indonesia','ID','Jakarta','Jakarta','175.158.44.11','2019-10-07 12:56:25',NULL),(2150,'Indonesia','ID','Jakarta','Jakarta','175.158.44.11','2019-10-07 12:56:55',NULL),(2151,'Indonesia','ID','Jakarta','Jakarta','175.158.44.11','2019-10-07 13:02:33',NULL),(2152,'Indonesia','ID','East Java','Malang','125.166.119.128','2019-10-07 15:03:02',NULL),(2153,'Indonesia','ID','East Java','Malang','125.166.119.128','2019-10-07 15:48:39',NULL),(2154,'United States','US','','','167.71.181.177','2019-10-08 02:25:13',NULL),(2155,'Indonesia','ID','East Java','Madiun','182.253.188.146','2019-10-08 07:52:38',NULL),(2156,'Indonesia','ID','East Java','Malang','125.166.119.128','2019-10-08 09:09:03',NULL),(2157,'Indonesia','ID','East Java','Malang','125.166.119.128','2019-10-08 09:10:41',NULL),(2158,'Taiwan','TW','','','115.82.172.5','2019-10-08 09:14:53',NULL),(2159,'Indonesia','ID','East Java','Malang','125.166.119.128','2019-10-08 09:15:52',NULL),(2160,'Taiwan','TW','','','115.82.172.5','2019-10-08 09:15:56',NULL),(2161,'Indonesia','ID','East Java','Malang','125.166.119.128','2019-10-08 09:16:23',NULL),(2162,'Taiwan','TW','','','115.82.172.5','2019-10-08 09:16:50',NULL),(2163,'Taiwan','TW','','','115.82.172.5','2019-10-08 09:18:54',NULL),(2164,'Indonesia','ID','East Java','Malang','125.166.119.128','2019-10-08 09:24:35',NULL),(2165,'Taiwan','TW','','','115.82.172.5','2019-10-08 09:25:04',NULL),(2166,'Taiwan','TW','','','115.82.172.5','2019-10-08 09:27:07',NULL),(2167,'Indonesia','ID','East Java','Malang','125.166.119.128','2019-10-08 09:33:39',NULL),(2168,'United States','US','','','157.245.121.171','2019-10-08 14:41:44',NULL),(2169,'Indonesia','ID','East Java','Malang','125.166.119.128','2019-10-08 15:20:47',NULL),(2170,'Indonesia','ID','East Java','Madiun','182.253.188.146','2019-10-08 15:21:05',NULL),(2171,'Indonesia','ID','East Java','Surabaya','203.78.117.180','2019-10-08 15:22:34',NULL),(2172,'Indonesia','ID','East Java','Surabaya','203.78.117.180','2019-10-08 15:23:11',NULL),(2173,'Indonesia','ID','East Java','Surabaya','203.78.117.180','2019-10-08 15:24:22',NULL),(2174,'Indonesia','ID','East Java','Surabaya','203.78.117.180','2019-10-08 15:24:26',NULL),(2175,'Indonesia','ID','East Java','Malang','125.166.119.128','2019-10-08 15:35:05',NULL),(2176,'United States','US','','','167.71.90.12','2019-10-08 16:32:03',NULL),(2177,'Indonesia','ID','East Java','Surabaya','114.125.120.253','2019-10-08 20:31:37',NULL),(2178,'United States','US','','','167.71.92.75','2019-10-09 02:40:58',NULL),(2179,'United States','US','','','167.71.185.192','2019-10-09 04:31:54',NULL),(2180,'United States','US','New Jersey','Clifton','45.55.40.183','2019-10-09 08:04:44',NULL),(2181,'United States','US','New Jersey','Clifton','45.55.45.32','2019-10-09 08:50:07',NULL),(2182,'Indonesia','ID','East Java','Malang','125.166.119.128','2019-10-09 14:57:33',NULL),(2183,'Indonesia','ID','East Java','Malang','125.166.119.128','2019-10-09 15:05:11',NULL),(2184,'Indonesia','ID','East Java','Surabaya','203.78.117.134','2019-10-09 15:27:06',NULL),(2185,'Indonesia','ID','East Java','Surabaya','203.78.117.134','2019-10-09 15:33:57',NULL),(2186,'Indonesia','ID','East Java','Surabaya','203.78.117.134','2019-10-09 15:34:09',NULL),(2187,'Indonesia','ID','Banten','Tangerang','36.70.255.42','2019-10-09 15:46:05',NULL),(2188,'Indonesia','ID','Banten','Tangerang','36.70.255.42','2019-10-09 16:10:08',NULL),(2189,'Indonesia','ID','Banten','Tangerang','36.70.255.42','2019-10-10 10:57:42',NULL),(2190,'Indonesia','ID','East Java','Surabaya','203.78.117.89','2019-10-10 13:33:38',NULL),(2191,'Indonesia','ID','Banten','Tangerang','36.70.255.42','2019-10-10 15:52:03',NULL),(2192,'Indonesia','ID','Banten','Tangerang','36.70.255.42','2019-10-10 16:29:45',NULL),(2193,'Indonesia','ID','Banten','Tangerang','36.70.255.42','2019-10-10 16:37:57',NULL),(2194,'Indonesia','ID','Banten','Tangerang','36.70.255.42','2019-10-10 16:55:22',NULL),(2195,'Indonesia','ID','Banten','Tangerang','36.70.255.42','2019-10-10 16:56:01',NULL),(2196,'Indonesia','ID','Banten','Tangerang','36.70.255.42','2019-10-10 17:04:44',NULL),(2197,'Indonesia','ID','Banten','Tangerang','36.70.255.42','2019-10-10 17:08:42',NULL),(2198,'United States','US','New Jersey','Clifton','142.93.79.189','2019-10-11 04:53:38',NULL),(2199,'United States','US','Oregon','Boardman','34.222.10.106','2019-10-11 13:48:05',NULL),(2200,'Indonesia','ID','Banten','Tangerang','36.70.255.42','2019-10-11 15:21:31',NULL),(2201,'Indonesia','ID','Banten','Tangerang','36.70.255.42','2019-10-11 15:21:32',NULL),(2202,'Indonesia','ID','Banten','Tangerang','36.70.255.42','2019-10-11 15:21:42',NULL),(2203,'Indonesia','ID','Banten','Tangerang','36.70.255.42','2019-10-11 15:49:51',NULL),(2204,'Indonesia','ID','East Java','Surabaya','114.125.116.167','2019-10-11 18:52:57',NULL),(2205,'Indonesia','ID','East Java','Surabaya','114.125.100.184','2019-10-11 19:41:30',NULL),(2206,'Indonesia','ID','East Java','Surabaya','203.78.117.99','2019-10-11 20:33:28',NULL),(2207,'Indonesia','ID','East Java','Surabaya','203.78.117.99','2019-10-11 20:33:28',NULL),(2208,'Indonesia','ID','East Java','Surabaya','203.78.117.99','2019-10-11 20:33:29',NULL),(2209,'Indonesia','ID','East Java','Surabaya','203.78.117.99','2019-10-11 20:54:30',NULL),(2210,'Indonesia','ID','East Java','Surabaya','203.78.117.99','2019-10-11 20:58:30',NULL),(2211,'Indonesia','ID','East Java','Surabaya','115.178.235.224','2019-10-11 21:00:49',NULL),(2212,'Indonesia','ID','East Java','Surabaya','203.78.117.99','2019-10-11 21:00:53',NULL),(2213,'Indonesia','ID','East Java','Surabaya','114.125.116.167','2019-10-11 21:01:45',NULL),(2214,'Indonesia','ID','East Java','Surabaya','115.178.235.224','2019-10-11 21:02:07',NULL),(2215,'Indonesia','ID','Jakarta','Jakarta','175.158.44.11','2019-10-11 23:12:31',NULL),(2216,'Indonesia','ID','Jakarta','Jakarta','175.158.44.11','2019-10-11 23:12:35',NULL),(2217,'Indonesia','ID','Jakarta','Jakarta','175.158.44.11','2019-10-12 00:05:13',NULL),(2218,'Indonesia','ID','Jakarta','Jakarta','175.158.44.11','2019-10-12 00:05:25',NULL),(2219,'Indonesia','ID','Jakarta','Jakarta','175.158.44.11','2019-10-12 00:05:48',NULL),(2220,'United States','US','New Jersey','Clifton','142.93.176.151','2019-10-12 02:45:25',NULL),(2221,'Indonesia','ID','Banten','Tangerang','36.70.255.42','2019-10-12 08:43:02',NULL),(2222,'Indonesia','ID','Banten','Tangerang','36.70.255.42','2019-10-12 08:43:29',NULL),(2223,'Indonesia','ID','Jakarta','Jakarta','175.158.44.11','2019-10-12 09:03:30',NULL),(2224,'Indonesia','ID','Banten','Tangerang','36.70.255.42','2019-10-12 09:21:27',NULL),(2225,'Indonesia','ID','Banten','Tangerang','36.70.255.42','2019-10-12 09:21:28',NULL),(2226,'Indonesia','ID','Banten','Tangerang','36.70.255.42','2019-10-12 09:21:29',NULL),(2227,'Hong Kong','HK','Central and Western District','Central','182.239.83.191','2019-10-12 09:29:10',NULL),(2228,'India','IN','Maharashtra','Nagpur','69.171.251.12','2019-10-12 09:30:23',NULL),(2229,'Taiwan','TW','','','110.28.222.52','2019-10-12 09:53:16',NULL),(2230,'Taiwan','TW','','','110.28.222.52','2019-10-12 09:53:38',NULL),(2231,'Indonesia','ID','Banten','Tangerang','36.70.255.42','2019-10-12 09:56:15',NULL),(2232,'Indonesia','ID','Banten','Tangerang','36.70.255.42','2019-10-12 09:56:18',NULL),(2233,'Indonesia','ID','Banten','Tangerang','36.70.255.42','2019-10-12 09:56:21',NULL),(2234,'Indonesia','ID','Banten','Tangerang','36.70.255.42','2019-10-12 09:57:19',NULL),(2235,'Indonesia','ID','Banten','Tangerang','36.70.255.42','2019-10-12 09:57:20',NULL),(2236,'United States','US','','','173.252.87.39','2019-10-12 10:07:57',NULL),(2237,'United States','US','','','173.252.95.36','2019-10-12 10:07:57',NULL),(2238,'United States','US','','','173.252.95.22','2019-10-12 10:07:59',NULL),(2239,'Taiwan','TW','Taoyuan','Taoyuan District','27.52.66.230','2019-10-12 10:24:08',NULL),(2240,'Taiwan','TW','Taichung City','Taichung','180.217.140.215','2019-10-12 10:48:19',NULL),(2241,'Indonesia','ID','Banten','Tangerang','36.70.255.42','2019-10-12 10:50:28',NULL),(2242,'United States','US','','','173.252.95.13','2019-10-12 10:52:39',NULL),(2243,'United States','US','','','173.252.95.45','2019-10-12 10:52:41',NULL),(2244,'United States','US','','','173.252.95.45','2019-10-12 10:52:45',NULL),(2245,'Canada','CA','Ontario','Ottawa','66.220.149.13','2019-10-12 10:53:03',NULL),(2246,'Taiwan','TW','Taoyuan','Taoyuan District','211.72.70.53','2019-10-12 11:30:14',NULL),(2247,'Taiwan','TW','Taipei City','Taipei','223.140.22.125','2019-10-12 11:46:19',NULL),(2248,'Taiwan','TW','','','175.182.10.170','2019-10-12 11:56:16',NULL),(2249,'Taiwan','TW','Taichung City','Taichung','223.141.7.74','2019-10-12 12:12:39',NULL),(2250,'Taiwan','TW','','','180.204.250.163','2019-10-12 12:15:29',NULL),(2251,'Taiwan','TW','Taipei City','Taipei','118.168.152.179','2019-10-12 12:29:47',NULL),(2252,'Taiwan','TW','Taipei City','Taipei','118.168.152.179','2019-10-12 12:32:10',NULL),(2253,'Taiwan','TW','Taipei City','Taipei','49.217.123.130','2019-10-12 13:31:56',NULL),(2254,'Taiwan','TW','Taipei City','Taipei','49.217.123.130','2019-10-12 13:35:19',NULL),(2255,'Taiwan','TW','Taipei City','Taipei','49.217.123.130','2019-10-12 13:35:43',NULL),(2256,'United States','US','','','173.252.87.44','2019-10-12 15:26:05',NULL),(2257,'Indonesia','ID','Jakarta','Jakarta','140.213.43.213','2019-10-12 16:29:49',NULL),(2258,'Indonesia','ID','East Java','Surabaya','115.178.236.147','2019-10-12 17:06:52',NULL),(2259,'Indonesia','ID','Jakarta','Jakarta','175.158.44.11','2019-10-12 18:03:32',NULL),(2260,'Indonesia','ID','Jakarta','Jakarta','175.158.44.11','2019-10-12 18:03:53',NULL),(2261,'Indonesia','ID','Jakarta','Jakarta','175.158.44.11','2019-10-12 18:04:28',NULL),(2262,'Indonesia','ID','Jakarta','Jakarta','175.158.44.11','2019-10-12 18:04:43',NULL),(2263,'Indonesia','ID','Jakarta','Jakarta','175.158.44.11','2019-10-12 18:05:05',NULL),(2264,'Indonesia','ID','East Java','Surabaya','103.44.37.92','2019-10-12 19:43:46',NULL),(2265,'Indonesia','ID','East Java','Surabaya','103.44.37.92','2019-10-12 19:44:14',NULL),(2266,'Indonesia','ID','East Java','Surabaya','115.178.252.59','2019-10-12 19:45:45',NULL),(2267,'Indonesia','ID','East Java','Surabaya','115.178.252.59','2019-10-12 19:46:02',NULL),(2268,'Taiwan','TW','Taichung City','Taichung','110.28.198.141','2019-10-12 22:28:19',NULL),(2269,'Taiwan','TW','Taichung City','Taichung','110.28.198.141','2019-10-12 22:29:02',NULL),(2270,'Taiwan','TW','Taichung City','Taichung','110.28.198.141','2019-10-12 22:36:04',NULL),(2271,'Taiwan','TW','Taichung City','Taichung','110.28.198.141','2019-10-12 22:37:01',NULL),(2272,'Indonesia','ID','East Java','Surabaya','103.44.37.104','2019-10-13 06:31:02',NULL),(2273,'United States','US','','','173.252.79.4','2019-10-13 06:32:14',NULL),(2274,'Indonesia','ID','East Java','Surabaya','103.44.37.104','2019-10-13 09:06:14',NULL),(2275,'Indonesia','ID','East Java','Surabaya','103.44.37.104','2019-10-13 09:06:47',NULL),(2276,'Hong Kong','HK','','','103.26.94.209','2019-10-13 09:33:36',NULL),(2277,'United States','US','','','173.252.127.5','2019-10-13 11:07:48',NULL),(2278,'United States','US','','','173.252.87.34','2019-10-13 13:22:33',NULL),(2279,'United States','US','','','173.252.79.2','2019-10-13 23:10:52',NULL),(2280,'United States','US','','','173.252.83.5','2019-10-14 08:37:06',NULL),(2281,'Indonesia','ID','Banten','Tangerang','36.70.255.42','2019-10-14 09:46:26',NULL),(2282,'Indonesia','ID','Banten','Tangerang','36.70.255.42','2019-10-14 09:57:31',NULL),(2283,'United States','US','','','173.252.95.21','2019-10-14 10:13:00',NULL),(2284,'Indonesia','ID','East Java','Surabaya','114.125.119.231','2019-10-14 10:18:19',NULL),(2285,'Taiwan','TW','','','117.19.185.68','2019-10-14 10:42:10',NULL),(2286,'Indonesia','ID','Banten','Tangerang','36.70.255.42','2019-10-14 10:55:20',NULL),(2287,'Taiwan','TW','','','101.9.59.45','2019-10-14 11:29:52',NULL),(2288,'Indonesia','ID','East Java','Madiun','182.253.188.146','2019-10-14 12:08:04',NULL),(2289,'Malaysia','MY','','','103.4.30.82','2019-10-14 12:42:57',NULL),(2290,'Malaysia','MY','','','103.4.30.82','2019-10-14 12:49:54',NULL),(2291,'Indonesia','ID','Jakarta','Jakarta','175.158.44.11','2019-10-14 13:09:50',NULL),(2292,'Indonesia','ID','East Java','Madiun','182.253.188.146','2019-10-14 13:18:21',NULL),(2293,'Indonesia','ID','East Java','Madiun','182.253.188.146','2019-10-14 13:18:48',NULL),(2294,'Indonesia','ID','Jakarta','Jakarta','175.158.44.11','2019-10-14 13:28:27',NULL),(2295,'United States','US','','','173.252.87.48','2019-10-14 13:46:47',NULL),(2296,'Indonesia','ID','Banten','Tangerang','36.70.255.42','2019-10-14 14:04:20',NULL),(2297,'Taiwan','TW','Taipei City','Taipei','49.217.123.130','2019-10-14 14:08:56',NULL),(2298,'Taiwan','TW','Taipei City','Taipei','49.217.123.130','2019-10-14 14:09:14',NULL),(2299,'Taiwan','TW','Taipei City','Taipei','49.217.123.130','2019-10-14 14:11:06',NULL),(2300,'Taiwan','TW','Taipei City','Taipei','49.217.123.130','2019-10-14 14:11:58',NULL),(2301,'Indonesia','ID','East Java','Madiun','182.253.188.146','2019-10-14 15:02:16',NULL),(2302,'Indonesia','ID','East Java','Madiun','182.253.188.146','2019-10-14 15:03:23',NULL),(2303,'Ireland','IE','','','31.13.127.15','2019-10-14 15:48:48',NULL),(2304,'Ireland','IE','','','31.13.127.22','2019-10-14 17:03:44',NULL),(2305,'United States','US','','','173.252.83.1','2019-10-14 17:05:03',NULL),(2306,'Taiwan','TW','Taipei City','Taipei','49.217.205.91','2019-10-14 17:41:43',NULL),(2307,'Indonesia','ID','East Java','Surabaya','182.1.121.90','2019-10-14 18:25:30',NULL),(2308,'United States','US','','','173.252.95.8','2019-10-14 20:02:56',NULL),(2309,'Indonesia','ID','East Java','Surabaya','182.1.121.90','2019-10-14 20:43:51',NULL),(2310,'Taiwan','TW','Taipei City','Taipei','180.217.190.199','2019-10-14 20:54:05',NULL),(2311,'Taiwan','TW','Taipei City','Taipei','180.217.190.199','2019-10-14 20:54:14',NULL),(2312,'Taiwan','TW','Taipei City','Taipei','180.217.190.199','2019-10-14 20:55:16',NULL),(2313,'Indonesia','ID','East Java','Surabaya','115.178.254.228','2019-10-14 20:55:51',NULL),(2314,'Taiwan','TW','Taipei City','Taipei','180.217.190.199','2019-10-14 20:58:51',NULL),(2315,'Taiwan','TW','Taipei City','Taipei','180.217.190.199','2019-10-14 21:13:31',NULL),(2316,'Taiwan','TW','Taoyuan','Taoyuan District','39.8.108.235','2019-10-14 21:22:02',NULL),(2317,'Indonesia','ID','Jakarta','Jakarta','175.158.44.11','2019-10-14 21:22:21',NULL),(2318,'Taiwan','TW','Taipei City','Taipei','180.217.190.199','2019-10-14 21:22:23',NULL),(2319,'Taiwan','TW','Taipei City','Taipei','180.217.190.199','2019-10-14 21:23:39',NULL),(2320,'Taiwan','TW','Taoyuan','Taoyuan District','39.8.108.235','2019-10-14 21:25:23',NULL),(2321,'Taiwan','TW','Taipei City','Taipei','180.217.190.199','2019-10-14 21:26:24',NULL),(2322,'Taiwan','TW','Taoyuan','Taoyuan District','39.8.108.235','2019-10-14 21:27:31',NULL),(2323,'Indonesia','ID','Jakarta','Jakarta','175.158.44.11','2019-10-14 21:28:23',NULL),(2324,'Indonesia','ID','Jakarta','Jakarta','175.158.44.11','2019-10-14 21:30:35',NULL),(2325,'Indonesia','ID','Jakarta','Jakarta','175.158.44.11','2019-10-14 21:32:44',NULL),(2326,'Taiwan','TW','','','101.12.186.203','2019-10-14 21:41:44',NULL),(2327,'Taiwan','TW','','','101.12.186.203','2019-10-14 21:42:27',NULL),(2328,'Indonesia','ID','East Java','Surabaya','115.178.254.228','2019-10-14 21:43:15',NULL),(2329,'Indonesia','ID','East Java','Surabaya','182.1.70.228','2019-10-14 21:46:28',NULL),(2330,'Canada','CA','Ontario','Ottawa','66.220.149.8','2019-10-15 05:20:26',NULL),(2331,'Taiwan','TW','Tainan','Tainan City','110.28.163.66','2019-10-15 06:55:42',NULL),(2332,'Taiwan','TW','Tainan','Tainan City','110.28.163.66','2019-10-15 06:57:07',NULL),(2333,'United States','US','','','173.252.87.42','2019-10-15 07:52:10',NULL),(2334,'Taiwan','TW','Taichung City','Taichung','125.227.221.26','2019-10-15 08:29:25',NULL),(2335,'Taiwan','TW','Taichung City','Taichung','125.227.221.26','2019-10-15 08:30:41',NULL),(2336,'Taiwan','TW','Taichung City','Taichung','125.227.221.26','2019-10-15 08:33:20',NULL),(2337,'India','IN','Maharashtra','Nagpur','69.171.251.38','2019-10-15 08:50:13',NULL),(2338,'India','IN','Maharashtra','Nagpur','69.171.251.30','2019-10-15 08:50:19',NULL),(2339,'United States','US','','','173.252.95.10','2019-10-15 08:50:48',NULL),(2340,'Taiwan','TW','Hsinchu','Hsinchu','27.246.192.218','2019-10-15 08:51:56',NULL),(2341,'Indonesia','ID','Jakarta','Jakarta','140.213.8.248','2019-10-15 09:17:25',NULL),(2342,'Indonesia','ID','Jakarta','Jakarta','140.213.8.248','2019-10-15 09:18:55',NULL),(2343,'Indonesia','ID','Banten','Tangerang','36.70.255.42','2019-10-15 09:29:48',NULL),(2344,'Indonesia','ID','Banten','Tangerang','36.70.255.42','2019-10-15 09:30:16',NULL),(2345,'Taiwan','TW','Taipei City','Taipei','223.140.48.234','2019-10-15 10:02:39',NULL),(2346,'Taiwan','TW','Taipei City','Taipei','223.140.48.234','2019-10-15 10:03:47',NULL),(2347,'Taiwan','TW','Taipei City','Taipei','223.140.48.234','2019-10-15 10:05:35',NULL),(2348,'Taiwan','TW','Taipei City','Taipei','223.140.48.234','2019-10-15 10:05:58',NULL),(2349,'Taiwan','TW','Taipei City','Taipei','223.140.48.234','2019-10-15 10:06:50',NULL),(2350,'Taiwan','TW','Taipei City','Taipei','223.140.48.234','2019-10-15 10:09:25',NULL),(2351,'Taiwan','TW','Taipei City','Taipei','223.140.48.234','2019-10-15 10:10:28',NULL),(2352,'United States','US','','','173.252.83.1','2019-10-15 11:23:34',NULL),(2353,'United States','US','','','173.252.95.5','2019-10-15 14:22:40',NULL),(2354,'Indonesia','ID','East Java','Malang','36.71.77.5','2019-10-15 15:06:57',NULL),(2355,'Canada','CA','Ontario','Ottawa','66.220.149.20','2019-10-15 16:33:10',NULL),(2356,'Taiwan','TW','Taichung City','Taichung','42.76.192.59','2019-10-15 16:42:29',NULL),(2357,'Taiwan','TW','Taichung City','Taichung','42.76.192.59','2019-10-15 16:47:25',NULL),(2358,'United States','US','','','173.252.127.52','2019-10-15 17:39:23',NULL),(2359,'Taiwan','TW','Tainan','Tainan City','27.246.68.3','2019-10-15 17:49:00',NULL),(2360,'Taiwan','TW','Tainan','Tainan City','27.246.68.3','2019-10-15 17:49:50',NULL),(2361,'Taiwan','TW','Taoyuan','Taoyuan District','27.246.109.251','2019-10-15 19:38:08',NULL),(2362,'Taiwan','TW','Taipei City','Taipei','180.217.171.209','2019-10-15 19:56:24',NULL),(2363,'Taiwan','TW','Taipei City','Taipei','180.217.171.209','2019-10-15 19:56:33',NULL),(2364,'Taiwan','TW','Taipei City','Taipei','180.217.171.209','2019-10-15 19:58:46',NULL),(2365,'Taiwan','TW','Taipei City','Taipei','180.217.171.209','2019-10-15 20:02:45',NULL),(2366,'United States','US','','','173.252.87.5','2019-10-16 06:41:29',NULL),(2367,'United States','US','','','173.252.87.2','2019-10-16 06:41:29',NULL),(2368,'United States','US','Virginia','Ashburn','3.91.206.194','2019-10-16 08:19:42',NULL),(2369,'Canada','CA','Ontario','Ottawa','66.220.149.64','2019-10-16 09:01:53',NULL),(2370,'Canada','CA','Ontario','Ottawa','66.220.149.5','2019-10-16 09:01:55',NULL),(2371,'Canada','CA','Ontario','Ottawa','66.220.149.4','2019-10-16 09:09:31',NULL),(2372,'Canada','CA','Ontario','Ottawa','66.220.149.56','2019-10-16 09:34:10',NULL),(2373,'Canada','CA','Ontario','Ottawa','66.220.149.6','2019-10-16 09:34:10',NULL),(2374,'Canada','CA','Ontario','Ottawa','66.220.149.17','2019-10-16 09:34:11',NULL),(2375,'Canada','CA','Ontario','Ottawa','66.220.149.6','2019-10-16 09:34:11',NULL),(2376,'Canada','CA','Ontario','Ottawa','66.220.149.24','2019-10-16 09:34:11',NULL),(2377,'Canada','CA','Ontario','Ottawa','66.220.149.17','2019-10-16 09:34:11',NULL),(2378,'Canada','CA','Ontario','Ottawa','66.220.149.29','2019-10-16 09:34:11',NULL),(2379,'Canada','CA','Ontario','Ottawa','66.220.149.25','2019-10-16 09:34:11',NULL),(2380,'Canada','CA','Ontario','Ottawa','66.220.149.24','2019-10-16 09:34:12',NULL),(2381,'Canada','CA','Ontario','Ottawa','66.220.149.19','2019-10-16 09:34:12',NULL),(2382,'Canada','CA','Ontario','Ottawa','66.220.149.6','2019-10-16 09:34:13',NULL),(2383,'Canada','CA','Ontario','Ottawa','66.220.149.20','2019-10-16 09:34:13',NULL),(2384,'Canada','CA','Ontario','Ottawa','66.220.149.4','2019-10-16 09:34:13',NULL),(2385,'Canada','CA','Ontario','Ottawa','66.220.149.6','2019-10-16 09:34:13',NULL),(2386,'Canada','CA','Ontario','Ottawa','66.220.149.4','2019-10-16 09:34:14',NULL),(2387,'Canada','CA','Ontario','Ottawa','66.220.149.50','2019-10-16 09:34:14',NULL),(2388,'Canada','CA','Ontario','Ottawa','66.220.149.47','2019-10-16 09:34:14',NULL),(2389,'Canada','CA','Ontario','Ottawa','66.220.149.50','2019-10-16 09:34:14',NULL),(2390,'Canada','CA','Ontario','Ottawa','66.220.149.47','2019-10-16 09:34:14',NULL),(2391,'Canada','CA','Ontario','Ottawa','66.220.149.10','2019-10-16 09:34:16',NULL),(2392,'Canada','CA','Ontario','Ottawa','66.220.149.10','2019-10-16 09:34:17',NULL),(2393,'Taiwan','TW','Hualien','Hualien City','61.58.215.65','2019-10-16 09:35:06',NULL),(2394,'Taiwan','TW','Hualien','Hualien City','61.58.215.65','2019-10-16 09:36:17',NULL),(2395,'Indonesia','ID','East Java','Malang','36.71.77.5','2019-10-16 14:18:31',NULL),(2396,'Indonesia','ID','East Java','Malang','36.71.77.5','2019-10-16 14:18:33',NULL),(2397,'Taiwan','TW','Taipei City','Taipei','180.217.149.109','2019-10-16 14:21:52',NULL),(2398,'Taiwan','TW','Taipei City','Taipei','180.217.149.109','2019-10-16 14:22:24',NULL),(2399,'United States','US','','','173.252.95.2','2019-10-16 15:09:46',NULL),(2400,'United States','US','Texas','Mission','72.178.170.50','2019-10-16 15:09:46',NULL),(2401,'United States','US','','','173.252.127.47','2019-10-16 15:09:46',NULL),(2402,'United States','US','New York','Jamaica','100.12.226.66','2019-10-16 15:09:46',NULL),(2403,'India','IN','Maharashtra','Nagpur','69.171.251.48','2019-10-16 16:10:06',NULL),(2404,'United States','US','Georgia','Statesboro','24.213.122.246','2019-10-16 16:10:06',NULL),(2405,'Taiwan','TW','Taipei City','Taipei','180.217.149.109','2019-10-16 17:20:09',NULL),(2406,'United States','US','Texas','San Antonio','67.11.241.163','2019-10-16 20:33:12',NULL),(2407,'United States','US','','','173.252.87.26','2019-10-16 20:33:12',NULL),(2408,'United States','US','','','173.252.95.25','2019-10-16 20:51:07',NULL),(2409,'United States','US','Minnesota','Minneapolis','174.53.229.173','2019-10-16 20:51:07',NULL),(2410,'United States','US','New York','Brooklyn','68.194.54.244','2019-10-16 20:52:33',NULL),(2411,'India','IN','Maharashtra','Nagpur','69.171.251.29','2019-10-16 20:52:34',NULL),(2412,'United States','US','','','173.252.87.34','2019-10-16 20:53:06',NULL),(2413,'United States','US','Ohio','Aurora','173.184.20.100','2019-10-16 20:53:06',NULL),(2414,'United States','US','California','Union City','199.201.64.135','2019-10-17 01:59:30',NULL),(2415,'Indonesia','ID','East Java','Surabaya','114.125.103.254','2019-10-17 06:32:08',NULL),(2416,'United States','US','Georgia','Pooler','69.245.119.227','2019-10-17 10:11:49',NULL),(2417,'Canada','CA','Ontario','Ottawa','66.220.149.18','2019-10-17 10:11:50',NULL),(2418,'Canada','CA','Ontario','Ottawa','66.220.149.53','2019-10-17 10:36:03',NULL),(2419,'Indonesia','ID','East Java','Surabaya','115.178.253.151','2019-10-17 11:17:21',NULL),(2420,'Indonesia','ID','East Java','Madiun','182.253.188.146','2019-10-17 15:42:49',NULL),(2421,'Indonesia','ID','East Java','Madiun','182.253.188.146','2019-10-17 15:44:42',NULL),(2422,'Indonesia','ID','East Java','Madiun','182.253.188.146','2019-10-17 15:45:23',NULL),(2423,'Indonesia','ID','East Java','Madiun','182.253.188.146','2019-10-17 15:45:23',NULL),(2424,'Indonesia','ID','East Java','Madiun','182.253.188.146','2019-10-17 15:45:27',NULL),(2425,'Indonesia','ID','East Java','Madiun','182.253.188.146','2019-10-17 15:45:28',NULL),(2426,'Indonesia','ID','East Java','Madiun','182.253.188.146','2019-10-17 15:53:45',NULL),(2427,'Indonesia','ID','East Java','Madiun','182.253.188.146','2019-10-17 15:54:07',NULL),(2428,'Indonesia','ID','East Java','Madiun','182.253.188.146','2019-10-17 15:54:08',NULL),(2429,'Indonesia','ID','East Java','Madiun','182.253.188.146','2019-10-17 15:54:12',NULL),(2430,'Indonesia','ID','East Java','Madiun','182.253.188.146','2019-10-17 15:54:12',NULL),(2431,'Indonesia','ID','East Java','Madiun','182.253.188.146','2019-10-17 16:00:36',NULL),(2432,NULL,NULL,NULL,NULL,NULL,'2019-10-17 16:45:56',NULL),(2433,NULL,NULL,NULL,NULL,NULL,'2019-10-17 16:46:04',NULL),(2434,NULL,NULL,NULL,NULL,NULL,'2019-10-17 16:46:15',NULL),(2435,'United States','US','','','64.233.172.73','2019-10-17 16:46:16',NULL),(2436,NULL,NULL,NULL,NULL,NULL,'2019-10-17 16:46:18',NULL),(2437,'United States','US','','','64.233.172.71','2019-10-17 16:46:22',NULL),(2438,'United States','US','','','64.233.172.73','2019-10-17 16:46:32',NULL),(2439,'United States','US','','','64.233.172.75','2019-10-17 16:46:34',NULL),(2440,'Indonesia','ID','Jakarta','Jakarta','175.158.44.11','2019-10-17 21:10:18',NULL),(2441,'Indonesia','ID','Jakarta','Jakarta','175.158.44.11','2019-10-17 21:14:02',NULL),(2442,'Indonesia','ID','Jakarta','Jakarta','175.158.44.11','2019-10-17 21:14:17',NULL),(2443,'Indonesia','ID','Jakarta','Jakarta','175.158.44.11','2019-10-17 21:22:55',NULL),(2444,'United States','US','','','209.17.96.202','2019-10-18 06:09:05',NULL),(2445,'United States','US','','','209.17.96.186','2019-10-18 18:30:52',NULL),(2446,'Indonesia','ID','East Java','Surabaya','115.178.252.82','2019-10-20 11:19:37',NULL),(2447,'Canada','CA','Ontario','Ottawa','66.220.149.52','2019-10-21 08:17:50',NULL),(2448,'Indonesia','ID','East Java','Malang','36.71.77.5','2019-10-21 09:18:09',NULL),(2449,NULL,NULL,NULL,NULL,NULL,'2019-10-21 11:05:58',NULL),(2450,'Indonesia','ID','East Java','Malang','36.71.77.5','2019-10-21 14:14:51',NULL),(2451,'Indonesia','ID','East Java','Malang','36.71.77.5','2019-10-21 14:14:56',NULL),(2452,'Indonesia','ID','East Java','Malang','36.71.77.5','2019-10-21 14:14:56',NULL),(2453,'Taiwan','TW','Taichung City','Taichung','27.242.104.160','2019-10-21 14:15:41',NULL),(2454,'United States','US','','','173.252.95.39','2019-10-21 14:24:43',NULL),(2455,'Indonesia','ID','East Java','Malang','36.71.77.5','2019-10-21 14:28:59',NULL),(2456,'Indonesia','ID','Jakarta','Jakarta','140.213.44.206','2019-10-21 15:02:10',NULL),(2457,'Indonesia','ID','East Java','Malang','36.71.77.5','2019-10-21 15:44:43',NULL),(2458,'Taiwan','TW','Taipei City','Taipei','27.247.234.210','2019-10-21 19:20:21',NULL),(2459,'United States','US','','','173.252.79.25','2019-10-21 22:02:49',NULL),(2460,'United States','US','','','209.17.97.66','2019-10-22 05:37:33',NULL),(2461,'Indonesia','ID','East Java','Malang','36.71.77.5','2019-10-22 08:52:46',NULL),(2462,'Canada','CA','Ontario','Ottawa','66.220.149.11','2019-10-22 08:53:07',NULL),(2463,'Canada','CA','Ontario','Ottawa','66.220.149.56','2019-10-22 08:53:13',NULL),(2464,'India','IN','Maharashtra','Nagpur','69.171.251.22','2019-10-22 09:59:33',NULL),(2465,'United States','US','','','173.252.127.38','2019-10-22 10:00:42',NULL),(2466,'United States','US','','','209.17.96.250','2019-10-22 11:33:28',NULL),(2467,'Canada','CA','Ontario','Ottawa','66.220.149.64','2019-10-22 12:39:09',NULL),(2468,'United States','US','','','173.252.87.5','2019-10-22 12:39:09',NULL),(2469,'India','IN','Maharashtra','Nagpur','69.171.251.11','2019-10-22 12:39:10',NULL),(2470,'Indonesia','ID','East Java','Surabaya','182.1.84.18','2019-10-22 22:25:15',NULL),(2471,'Indonesia','ID','Jakarta','Jakarta','175.158.44.11','2019-10-22 22:25:24',NULL),(2472,'Indonesia','ID','East Java','Surabaya','182.1.84.18','2019-10-22 22:25:44',NULL),(2473,'Indonesia','ID','Jakarta','Jakarta','175.158.44.11','2019-10-22 22:27:16',NULL),(2474,'Indonesia','ID','Jakarta','Jakarta','175.158.44.11','2019-10-22 22:27:17',NULL),(2475,'Indonesia','ID','Jakarta','Jakarta','175.158.44.11','2019-10-22 22:27:19',NULL),(2476,'Indonesia','ID','Jakarta','Jakarta','175.158.44.11','2019-10-22 22:27:19',NULL),(2477,'Indonesia','ID','Jakarta','Jakarta','175.158.44.11','2019-10-22 22:27:20',NULL),(2478,'Indonesia','ID','Jakarta','Jakarta','175.158.44.11','2019-10-22 22:27:34',NULL),(2479,'India','IN','Maharashtra','Nagpur','69.171.251.41','2019-10-23 05:15:53',NULL),(2480,'Indonesia','ID','Jakarta','Jakarta','140.213.7.227','2019-10-23 09:57:52',NULL),(2481,'Indonesia','ID','Jakarta','Jakarta','140.213.7.227','2019-10-23 09:58:14',NULL),(2482,'Indonesia','ID','Banten','Tangerang','36.71.70.221','2019-10-23 10:05:39',NULL),(2483,'Indonesia','ID','Jakarta','Jakarta','175.158.44.11','2019-10-23 18:42:49',NULL),(2484,'Indonesia','ID','Jakarta','Jakarta','175.158.44.11','2019-10-23 18:43:08',NULL),(2485,'Indonesia','ID','Jakarta','Jakarta','175.158.44.11','2019-10-23 18:49:41',NULL),(2486,'Indonesia','ID','Jakarta','Jakarta','175.158.44.11','2019-10-23 21:55:16',NULL),(2487,'Indonesia','ID','East Java','Madiun','182.253.188.147','2019-10-25 15:00:30',NULL),(2488,'Indonesia','ID','East Java','Madiun','182.253.188.147','2019-10-25 15:01:20',NULL),(2489,'United States','US','','','173.252.95.3','2019-10-25 15:41:12',NULL),(2490,'United States','US','Oregon','Boardman','34.222.227.39','2019-10-26 00:15:51',NULL),(2491,'Taiwan','TW','Taipei City','Taipei','1.200.201.181','2019-10-26 03:34:13',NULL),(2492,'United States','US','','','209.17.97.50','2019-10-26 10:57:31',NULL),(2493,'Taiwan','TW','Hualien','Hualien City','180.217.160.35','2019-10-26 16:31:31',NULL),(2494,'Taiwan','TW','Hualien','Hualien City','180.217.160.35','2019-10-26 16:31:32',NULL),(2495,'Taiwan','TW','Hualien','Hualien City','180.217.160.35','2019-10-26 16:33:13',NULL),(2496,'Taiwan','TW','Hualien','Hualien City','180.217.160.35','2019-10-26 19:31:42',NULL),(2497,'Taiwan','TW','Hualien','Hualien City','180.217.160.35','2019-10-26 19:39:43',NULL),(2498,'Taiwan','TW','Hualien','Hualien City','180.217.160.35','2019-10-27 05:21:21',NULL),(2499,'Taiwan','TW','Hualien','Hualien City','180.217.160.35','2019-10-27 21:06:37',NULL),(2500,'Taiwan','TW','Hualien','Hualien City','180.217.160.35','2019-10-27 21:07:43',NULL),(2501,'Taiwan','TW','Hualien','Hualien City','180.217.160.35','2019-10-27 21:08:20',NULL),(2502,'Taiwan','TW','Hualien','Hualien City','180.217.160.35','2019-10-27 21:08:30',NULL),(2503,'Indonesia','ID','East Java','Surabaya','182.1.106.165','2019-10-27 21:22:33',NULL),(2504,'Indonesia','ID','East Java','Surabaya','182.1.106.165','2019-10-27 21:22:34',NULL),(2505,'Indonesia','ID','East Java','Surabaya','182.1.106.165','2019-10-27 21:22:34',NULL),(2506,'Taiwan','TW','Hualien','Hualien City','180.217.160.35','2019-10-27 21:23:18',NULL),(2507,'Taiwan','TW','Hualien','Hualien City','180.217.160.35','2019-10-27 21:24:39',NULL),(2508,'Taiwan','TW','Hualien','Hualien City','180.217.160.35','2019-10-27 21:28:07',NULL),(2509,'Indonesia','ID','East Java','Surabaya','36.85.76.68','2019-10-28 09:47:31',NULL),(2510,'Indonesia','ID','East Java','Surabaya','36.85.76.68','2019-10-28 09:47:58',NULL),(2511,'United States','US','','','173.252.95.34','2019-10-28 09:48:09',NULL),(2512,'Indonesia','ID','East Java','Surabaya','36.85.76.68','2019-10-28 10:45:48',NULL),(2513,'United States','US','','','173.252.95.11','2019-10-28 14:52:02',NULL),(2514,'Indonesia','ID','East Java','Surabaya','36.85.76.68','2019-10-29 08:53:28',NULL),(2515,'Indonesia','ID','East Java','Surabaya','36.85.76.68','2019-10-29 08:53:41',NULL),(2516,'Indonesia','ID','East Java','Surabaya','36.85.76.68','2019-10-29 08:53:43',NULL),(2517,'Taiwan','TW','Taichung City','Taichung','42.76.107.169','2019-10-29 09:34:06',NULL),(2518,'Taiwan','TW','Taichung City','Taichung','42.76.107.169','2019-10-29 09:34:55',NULL),(2519,'Taiwan','TW','Taichung City','Taichung','42.76.107.169','2019-10-29 09:37:20',NULL),(2520,'Taiwan','TW','Taichung City','Taichung','42.76.107.169','2019-10-29 09:37:59',NULL),(2521,'Taiwan','TW','Taichung City','Taichung','42.76.107.169','2019-10-29 09:39:35',NULL),(2522,'Taiwan','TW','Taichung City','Taichung','42.76.107.169','2019-10-29 09:40:28',NULL),(2523,'Taiwan','TW','Taichung City','Taichung','42.76.107.169','2019-10-29 09:40:43',NULL),(2524,'Taiwan','TW','Taichung City','Taichung','42.76.107.169','2019-10-29 09:42:47',NULL),(2525,'Taiwan','TW','Taichung City','Taichung','42.76.107.169','2019-10-29 09:44:44',NULL),(2526,'United States','US','','','173.252.127.25','2019-10-29 14:19:53',NULL),(2527,'United States','US','','','209.17.96.114','2019-10-29 15:01:36',NULL),(2528,'Indonesia','ID','East Java','Surabaya','36.85.76.68','2019-10-30 10:44:23',NULL),(2529,'Indonesia','ID','Banten','Tangerang','36.70.252.116','2019-10-30 17:51:40',NULL),(2530,'Indonesia','ID','East Java','Madiun','182.253.188.147','2019-10-31 15:52:49',NULL),(2531,'Indonesia','ID','East Java','Madiun','182.253.188.147','2019-10-31 16:07:17',NULL),(2532,'Indonesia','ID','East Java','Madiun','182.253.188.147','2019-10-31 16:07:40',NULL),(2533,'Taiwan','TW','Hsinchu','Hsinchu','180.217.176.194','2019-10-31 17:47:29',NULL),(2534,'Taiwan','TW','Hsinchu','Hsinchu','180.217.176.194','2019-10-31 17:49:34',NULL),(2535,'Taiwan','TW','Hsinchu','Hsinchu','180.217.176.194','2019-10-31 17:49:36',NULL),(2536,'United States','US','','','209.17.97.58','2019-11-03 12:27:32',NULL),(2537,'Indonesia','ID','East Java','Surabaya','115.178.238.247','2019-11-03 17:54:23',NULL),(2538,'Indonesia','ID','East Java','Surabaya','182.1.114.225','2019-11-03 23:33:33',NULL),(2539,'Indonesia','ID','East Java','Surabaya','182.1.114.225','2019-11-03 23:33:34',NULL),(2540,'Indonesia','ID','East Java','Surabaya','182.1.114.225','2019-11-03 23:47:41',NULL),(2541,'Indonesia','ID','East Java','Surabaya','182.1.114.225','2019-11-03 23:47:42',NULL),(2542,'United States','US','','','167.71.176.251','2019-11-04 04:29:05',NULL),(2543,'United States','US','','','157.245.121.218','2019-11-04 04:30:15',NULL),(2544,'Indonesia','ID','East Java','Malang','36.71.32.225','2019-11-04 10:38:30',NULL),(2545,'Indonesia','ID','Jakarta','Jakarta','175.158.44.11','2019-11-04 14:02:55',NULL),(2546,'Indonesia','ID','East Java','Surabaya','114.125.100.92','2019-11-04 21:09:11',NULL),(2547,'Indonesia','ID','East Java','Surabaya','114.125.100.92','2019-11-04 21:09:14',NULL),(2548,'Taiwan','TW','Taipei City','Taipei','114.136.15.48','2019-11-04 21:09:30',NULL),(2549,'Indonesia','ID','East Java','Malang','36.71.32.225','2019-11-05 09:19:59',NULL),(2550,'Indonesia','ID','East Java','Malang','36.71.32.225','2019-11-05 09:32:13',NULL),(2551,'Taiwan','TW','Taipei City','Taipei','180.217.190.142','2019-11-05 11:18:01',NULL),(2552,'Taiwan','TW','Taipei City','Taipei','180.217.190.142','2019-11-05 11:19:52',NULL),(2553,'Taiwan','TW','Taipei City','Taipei','180.217.190.142','2019-11-05 11:20:37',NULL),(2554,'Taiwan','TW','Taipei City','Taipei','180.217.190.142','2019-11-05 11:23:31',NULL),(2555,'Indonesia','ID','East Java','Malang','36.71.32.131','2019-11-05 12:12:10',NULL),(2556,'Indonesia','ID','East Java','Malang','36.71.32.131','2019-11-05 13:42:17',NULL),(2557,'Indonesia','ID','East Java','Malang','36.71.32.131','2019-11-06 09:09:21',NULL),(2558,'Indonesia','ID','East Java','Malang','36.71.32.131','2019-11-06 10:00:53',NULL),(2559,'Indonesia','ID','East Java','Malang','36.71.32.131','2019-11-06 10:03:45',NULL),(2560,'United States','US','','','209.17.97.2','2019-11-06 11:43:39',NULL),(2561,'Indonesia','ID','Jakarta','Jakarta','36.71.145.4','2019-11-06 13:36:54',NULL),(2562,'Indonesia','ID','Jakarta','Jakarta','36.71.145.4','2019-11-06 13:37:13',NULL),(2563,'Indonesia','ID','Jakarta','Jakarta','36.71.145.4','2019-11-06 13:37:46',NULL),(2564,'Indonesia','ID','Jakarta','Jakarta','36.71.145.4','2019-11-06 13:37:48',NULL),(2565,'United States','US','','','209.17.97.66','2019-11-06 18:50:53',NULL),(2566,'Indonesia','ID','Bali','Denpasar','36.85.56.70','2019-11-08 16:24:01',NULL),(2567,'Indonesia','ID','Bali','Denpasar','36.85.56.70','2019-11-08 16:29:53',NULL),(2568,'United States','US','','','209.17.96.202','2019-11-09 12:42:13',NULL),(2569,'Indonesia','ID','Jakarta','Jakarta','175.158.44.11','2019-11-10 09:57:53',NULL),(2570,'Indonesia','ID','East Java','Surabaya','182.1.96.39','2019-11-10 22:38:21',NULL),(2571,'Hong Kong','HK','','','103.26.94.210','2019-11-11 08:07:34',NULL),(2572,'Hong Kong','HK','','','103.26.94.209','2019-11-11 08:10:43',NULL),(2573,'Indonesia','ID','East Java','Malang','125.163.140.124','2019-11-11 22:36:50',NULL),(2574,'Indonesia','ID','East Java','Malang','36.71.75.151','2019-11-11 23:44:18',NULL),(2575,'United States','US','','','173.252.95.16','2019-11-12 10:37:41',NULL),(2576,'Indonesia','ID','East Java','Malang','125.166.118.229','2019-11-14 11:20:55',NULL),(2577,'Indonesia','ID','East Java','Surabaya','115.178.253.161','2019-11-14 14:13:06',NULL),(2578,'Indonesia','ID','East Java','Surabaya','115.178.252.170','2019-11-14 15:16:58',NULL),(2579,'Indonesia','ID','Jakarta','Jakarta','140.213.39.43','2019-11-14 15:18:14',NULL),(2580,'India','IN','Maharashtra','Nagpur','69.171.251.31','2019-11-16 10:54:52',NULL),(2581,'Canada','CA','Ontario','Ottawa','66.220.149.15','2019-11-16 10:54:52',NULL),(2582,'Canada','CA','Ontario','Ottawa','66.220.149.48','2019-11-16 10:55:07',NULL),(2583,'Indonesia','ID','Jakarta','Jakarta','120.188.78.241','2019-11-16 20:44:38',NULL),(2584,'Indonesia','ID','Jakarta','Jakarta','120.188.78.241','2019-11-16 20:51:30',NULL),(2585,'Indonesia','ID','Jakarta','Jakarta','120.188.78.241','2019-11-16 20:51:51',NULL),(2586,'Indonesia','ID','Jakarta','Jakarta','120.188.78.241','2019-11-16 20:53:34',NULL),(2587,'Indonesia','ID','Jakarta','Jakarta','120.188.78.241','2019-11-16 20:53:43',NULL),(2588,'Indonesia','ID','Jakarta','Jakarta','120.188.78.241','2019-11-16 20:53:57',NULL),(2589,'Indonesia','ID','Jakarta','Jakarta','120.188.78.241','2019-11-16 20:54:37',NULL),(2590,'Indonesia','ID','Jakarta','Jakarta','120.188.78.241','2019-11-16 20:54:45',NULL),(2591,'Indonesia','ID','Jakarta','Jakarta','120.188.78.241','2019-11-16 20:54:52',NULL),(2592,'Indonesia','ID','Jakarta','Jakarta','120.188.78.241','2019-11-16 20:54:58',NULL),(2593,'Indonesia','ID','Jakarta','Jakarta','120.188.78.241','2019-11-16 20:55:06',NULL),(2594,'Indonesia','ID','Jakarta','Jakarta','120.188.78.241','2019-11-16 20:56:39',NULL),(2595,'Indonesia','ID','Jakarta','Jakarta','120.188.78.241','2019-11-16 21:08:42',NULL),(2596,'Indonesia','ID','Jakarta','Jakarta','120.188.78.241','2019-11-16 21:10:13',NULL),(2597,'Indonesia','ID','Jakarta','Jakarta','120.188.78.241','2019-11-16 21:10:19',NULL),(2598,'Indonesia','ID','Jakarta','Jakarta','120.188.78.241','2019-11-16 21:10:44',NULL),(2599,'Indonesia','ID','Jakarta','Jakarta','120.188.78.241','2019-11-16 21:11:09',NULL),(2600,'Indonesia','ID','Jakarta','Jakarta','120.188.78.241','2019-11-16 21:11:15',NULL),(2601,'Indonesia','ID','Jakarta','Jakarta','120.188.78.241','2019-11-16 21:11:34',NULL),(2602,'Indonesia','ID','Jakarta','Jakarta','120.188.78.241','2019-11-16 21:12:35',NULL),(2603,'Indonesia','ID','Jakarta','Jakarta','120.188.78.241','2019-11-16 21:17:03',NULL),(2604,'Indonesia','ID','Jakarta','Jakarta','120.188.78.241','2019-11-16 21:17:16',NULL),(2605,'Indonesia','ID','Jakarta','Jakarta','120.188.78.241','2019-11-16 21:17:22',NULL),(2606,'Indonesia','ID','Jakarta','Jakarta','120.188.78.241','2019-11-16 21:21:10',NULL),(2607,'Indonesia','ID','Jakarta','Jakarta','120.188.78.241','2019-11-16 21:22:02',NULL),(2608,'Indonesia','ID','Jakarta','Jakarta','120.188.78.241','2019-11-16 21:31:38',NULL),(2609,'Indonesia','ID','Jakarta','Jakarta','120.188.78.241','2019-11-16 21:31:48',NULL),(2610,'Indonesia','ID','Jakarta','Jakarta','120.188.78.241','2019-11-16 21:31:53',NULL),(2611,'Indonesia','ID','Jakarta','Jakarta','120.188.78.241','2019-11-16 21:31:58',NULL),(2612,'Indonesia','ID','Jakarta','Jakarta','120.188.78.241','2019-11-16 21:33:11',NULL),(2613,'Indonesia','ID','Jakarta','Jakarta','120.188.78.241','2019-11-16 21:33:19',NULL),(2614,'Indonesia','ID','East Java','Surabaya','114.125.70.95','2019-11-16 21:38:22',NULL),(2615,'Indonesia','ID','Jakarta','Jakarta','120.188.78.241','2019-11-16 21:42:06',NULL),(2616,'Indonesia','ID','Jakarta','Jakarta','120.188.78.241','2019-11-16 21:42:26',NULL),(2617,'Indonesia','ID','Jakarta','Jakarta','120.188.78.241','2019-11-16 22:17:03',NULL),(2618,'Indonesia','ID','Jakarta','Jakarta','120.188.78.241','2019-11-16 22:18:31',NULL),(2619,'Indonesia','ID','Jakarta','Jakarta','120.188.78.241','2019-11-16 22:48:41',NULL),(2620,'Indonesia','ID','Jakarta','Jakarta','120.188.78.241','2019-11-16 22:48:53',NULL),(2621,'Indonesia','ID','Jakarta','Jakarta','120.188.78.241','2019-11-17 05:25:47',NULL),(2622,'Indonesia','ID','Jakarta','Jakarta','120.188.78.241','2019-11-17 05:26:28',NULL),(2623,'United States','US','','','64.233.172.232','2019-11-17 06:03:14',NULL),(2624,'United States','US','','','64.233.172.230','2019-11-17 06:03:14',NULL),(2625,'United States','US','','','66.249.88.107','2019-11-17 06:03:30',NULL),(2626,'United States','US','','','66.102.8.41','2019-11-17 06:03:33',NULL),(2627,'United States','US','','','64.233.172.230','2019-11-17 06:03:33',NULL),(2628,'United States','US','','','66.102.8.39','2019-11-17 06:03:35',NULL),(2629,'United States','US','','','64.233.172.234','2019-11-17 06:03:42',NULL),(2630,'United States','US','','','66.102.8.41','2019-11-17 06:06:30',NULL),(2631,'Indonesia','ID','East Java','Malang','36.85.74.184','2019-11-17 12:56:38',NULL),(2632,'United States','US','','','108.177.6.55','2019-11-18 12:37:30',NULL),(2633,'United States','US','','','108.177.6.52','2019-11-18 12:37:40',NULL),(2634,'United States','US','','','108.177.6.55','2019-11-18 12:38:01',NULL),(2635,'United States','US','','','108.177.6.52','2019-11-18 12:38:06',NULL),(2636,'United States','US','','','108.177.6.55','2019-11-18 12:38:20',NULL),(2637,'United States','US','','','108.177.6.52','2019-11-18 12:38:24',NULL),(2638,'United States','US','','','108.177.6.52','2019-11-18 12:38:28',NULL),(2639,'United States','US','','','108.177.6.55','2019-11-18 12:38:35',NULL),(2640,'United States','US','','','108.177.6.52','2019-11-18 12:38:35',NULL),(2641,'United States','US','','','108.177.6.52','2019-11-18 12:38:36',NULL),(2642,'United States','US','','','108.177.6.55','2019-11-18 12:38:39',NULL),(2643,'United States','US','','','108.177.6.52','2019-11-18 12:38:41',NULL),(2644,'United States','US','','','108.177.6.52','2019-11-18 12:38:47',NULL),(2645,'United States','US','','','108.177.6.55','2019-11-18 12:38:55',NULL),(2646,'United States','US','','','108.177.6.52','2019-11-18 12:38:57',NULL),(2647,'United States','US','','','108.177.6.55','2019-11-18 12:39:02',NULL),(2648,'United States','US','','','108.177.6.57','2019-11-18 12:39:05',NULL),(2649,'United States','US','','','108.177.6.55','2019-11-18 12:39:17',NULL),(2650,'United States','US','','','108.177.6.55','2019-11-18 12:39:20',NULL),(2651,'United States','US','','','108.177.6.52','2019-11-18 12:39:20',NULL),(2652,'United States','US','','','108.177.6.57','2019-11-18 12:39:23',NULL),(2653,'United States','US','','','108.177.6.55','2019-11-18 12:39:23',NULL),(2654,'United States','US','','','108.177.6.57','2019-11-18 12:39:28',NULL),(2655,'United States','US','','','108.177.6.55','2019-11-18 12:39:33',NULL),(2656,'United States','US','','','108.177.6.52','2019-11-18 12:39:39',NULL),(2657,'United States','US','','','108.177.6.57','2019-11-18 12:39:41',NULL),(2658,'United States','US','','','108.177.6.57','2019-11-18 12:39:47',NULL),(2659,'United States','US','','','108.177.6.52','2019-11-18 12:39:49',NULL),(2660,'United States','US','','','108.177.6.55','2019-11-18 12:39:53',NULL),(2661,'United States','US','','','108.177.6.57','2019-11-18 12:39:58',NULL),(2662,'United States','US','','','108.177.6.52','2019-11-18 12:39:59',NULL),(2663,'United States','US','','','108.177.6.52','2019-11-18 12:40:04',NULL),(2664,'United States','US','','','108.177.6.52','2019-11-18 12:40:08',NULL),(2665,'United States','US','','','108.177.6.55','2019-11-18 12:40:08',NULL),(2666,'United States','US','','','108.177.6.52','2019-11-18 12:40:09',NULL),(2667,'United States','US','','','108.177.6.55','2019-11-18 12:40:18',NULL),(2668,'United States','US','','','108.177.6.52','2019-11-18 12:40:19',NULL),(2669,'United States','US','','','108.177.6.55','2019-11-18 12:40:25',NULL),(2670,'United States','US','','','108.177.6.57','2019-11-18 12:40:28',NULL),(2671,'United States','US','','','108.177.6.57','2019-11-18 12:40:31',NULL),(2672,'United States','US','','','108.177.6.52','2019-11-18 12:40:31',NULL),(2673,'United States','US','','','108.177.6.52','2019-11-18 12:40:37',NULL),(2674,'United States','US','','','108.177.6.55','2019-11-18 12:40:38',NULL),(2675,'United States','US','','','108.177.6.57','2019-11-18 12:40:40',NULL),(2676,'United States','US','','','108.177.6.55','2019-11-18 12:40:43',NULL),(2677,'United States','US','','','108.177.6.57','2019-11-18 12:40:44',NULL),(2678,'United States','US','','','108.177.6.52','2019-11-18 12:40:46',NULL),(2679,'United States','US','','','108.177.6.55','2019-11-18 12:40:52',NULL),(2680,'United States','US','','','108.177.6.52','2019-11-18 12:41:01',NULL),(2681,'United States','US','','','108.177.6.52','2019-11-18 12:41:07',NULL),(2682,'United States','US','','','108.177.6.52','2019-11-18 12:41:15',NULL),(2683,'United States','US','','','108.177.6.57','2019-11-18 12:41:19',NULL),(2684,'United States','US','','','108.177.6.55','2019-11-18 12:41:21',NULL),(2685,'United States','US','','','108.177.6.57','2019-11-18 12:41:23',NULL),(2686,'United States','US','','','108.177.6.57','2019-11-18 12:41:29',NULL),(2687,'United States','US','','','108.177.6.52','2019-11-18 12:41:30',NULL),(2688,'United States','US','','','108.177.6.57','2019-11-18 12:41:35',NULL),(2689,'United States','US','','','108.177.6.52','2019-11-18 12:41:36',NULL),(2690,'United States','US','','','108.177.6.52','2019-11-18 12:41:37',NULL),(2691,'United States','US','','','108.177.6.55','2019-11-18 12:41:42',NULL),(2692,'United States','US','','','108.177.6.57','2019-11-18 12:41:48',NULL),(2693,'United States','US','','','108.177.6.52','2019-11-18 12:41:50',NULL),(2694,'United States','US','','','108.177.6.57','2019-11-18 12:41:56',NULL),(2695,'United States','US','','','108.177.6.55','2019-11-18 12:42:02',NULL),(2696,'United States','US','','','108.177.6.57','2019-11-18 12:42:04',NULL),(2697,'United States','US','','','108.177.6.52','2019-11-18 12:42:10',NULL),(2698,'United States','US','','','108.177.6.57','2019-11-18 12:42:17',NULL),(2699,'United States','US','','','108.177.6.52','2019-11-18 12:42:22',NULL),(2700,'United States','US','','','108.177.6.52','2019-11-18 12:42:32',NULL),(2701,'United States','US','','','108.177.6.52','2019-11-18 12:42:43',NULL),(2702,'United States','US','','','108.177.6.57','2019-11-18 12:42:46',NULL),(2703,'United States','US','','','108.177.6.52','2019-11-18 12:42:55',NULL),(2704,'United States','US','','','108.177.6.57','2019-11-18 12:42:56',NULL),(2705,'United States','US','','','108.177.6.57','2019-11-18 12:43:07',NULL),(2706,'United States','US','','','108.177.6.57','2019-11-18 12:43:20',NULL),(2707,'United States','US','','','108.177.6.57','2019-11-18 12:43:28',NULL),(2708,'United States','US','','','108.177.6.57','2019-11-18 12:43:42',NULL),(2709,'United States','US','','','108.177.6.57','2019-11-18 12:44:02',NULL),(2710,'Indonesia','ID','East Java','Surabaya','36.85.71.188','2019-11-19 14:18:28',NULL),(2711,'Canada','CA','Ontario','Ottawa','66.220.149.9','2019-11-19 14:31:35',NULL),(2712,'Indonesia','ID','Jakarta','Jakarta','103.26.208.218','2019-11-19 20:04:33',NULL),(2713,'Hong Kong','HK','Sha Tin','Shatin','61.92.224.252','2019-11-19 20:05:26',NULL),(2714,'Hong Kong','HK','Central and Western District','Central','113.254.220.115','2019-11-19 20:07:42',NULL),(2715,'Hong Kong','HK','Kwun Tong','','61.92.50.89','2019-11-19 20:14:59',NULL),(2716,'Hong Kong','HK','Kwun Tong','','61.92.50.89','2019-11-19 20:15:45',NULL),(2717,'Hong Kong','HK','Central and Western District','Central','58.153.107.160','2019-11-19 20:37:51',NULL),(2718,'Indonesia','ID','East Java','Surabaya','114.125.95.100','2019-11-19 21:49:07',NULL),(2719,'United States','US','Texas','Austin','104.132.115.85','2019-11-21 06:56:10',NULL),(2720,'Republic of Korea','KR','Seoul','Seoul','169.56.83.200','2019-11-21 06:59:03',NULL),(2721,'United States','US','California','Mountain View','35.243.2.13','2019-11-21 07:11:58',NULL),(2722,'Indonesia','ID','East Java','Madiun','182.253.188.147','2019-11-21 15:12:10',NULL),(2723,'Indonesia','ID','East Java','Madiun','182.253.188.147','2019-11-21 15:12:44',NULL),(2724,'Indonesia','ID','East Java','Madiun','182.253.188.147','2019-11-21 15:13:02',NULL),(2725,'Indonesia','ID','East Java','Madiun','182.253.188.147','2019-11-21 15:13:02',NULL),(2726,'Indonesia','ID','East Java','Madiun','182.253.188.147','2019-11-21 15:13:03',NULL),(2727,'Indonesia','ID','East Java','Madiun','182.253.188.147','2019-11-21 15:13:48',NULL),(2728,'Hong Kong','HK','Kwun Tong','','61.92.50.89','2019-11-21 18:26:25',NULL),(2729,'Indonesia','ID','Jakarta','Jakarta','175.158.44.11','2019-11-21 20:31:34',NULL),(2730,'Indonesia','ID','East Java','Surabaya','182.1.110.30','2019-11-21 22:32:33',NULL),(2731,'Indonesia','ID','East Java','Surabaya','182.1.110.30','2019-11-21 22:33:10',NULL),(2732,'Hong Kong','HK','Central and Western District','Central','113.254.220.115','2019-11-21 22:34:12',NULL),(2733,'Hong Kong','HK','Kwun Tong','','61.92.50.89','2019-11-21 22:34:29',NULL),(2734,'Hong Kong','HK','Kwun Tong','','61.92.50.89','2019-11-21 22:35:24',NULL),(2735,'Hong Kong','HK','Kwun Tong','','61.92.50.89','2019-11-21 22:36:13',NULL),(2736,'Hong Kong','HK','Kwun Tong','','61.92.50.89','2019-11-21 22:36:36',NULL),(2737,'Hong Kong','HK','Kwun Tong','','61.92.50.89','2019-11-21 22:36:51',NULL),(2738,'Hong Kong','HK','Kwun Tong','','61.92.50.89','2019-11-21 22:37:23',NULL),(2739,'Hong Kong','HK','Sha Tin','Shatin','61.92.224.252','2019-11-21 22:46:22',NULL),(2740,'Hong Kong','HK','Kwun Tong','','61.92.50.89','2019-11-21 22:50:48',NULL),(2741,'Indonesia','ID','Jakarta','Jakarta','175.158.44.11','2019-11-22 00:15:11',NULL),(2742,'Canada','CA','Ontario','Ottawa','66.220.149.34','2019-11-22 08:20:43',NULL),(2743,'Hong Kong','HK','Central and Western District','Central','14.0.152.218','2019-11-22 08:21:03',NULL),(2744,'Hong Kong','HK','Central and Western District','Central','14.0.152.218','2019-11-22 08:21:03',NULL),(2745,'Hong Kong','HK','Central and Western District','Central','14.0.164.21','2019-11-22 09:54:38',NULL),(2746,'Indonesia','ID','East Java','Malang','36.71.32.210','2019-11-22 16:48:28',NULL),(2747,'Indonesia','ID','East Java','Malang','36.71.32.210','2019-11-22 16:49:07',NULL),(2748,'Indonesia','ID','East Java','Surabaya','202.67.46.237','2019-11-22 18:53:23',NULL),(2749,'Indonesia','ID','East Java','Surabaya','202.67.46.237','2019-11-22 18:53:31',NULL),(2750,'Indonesia','ID','East Java','Surabaya','202.67.46.237','2019-11-22 18:53:34',NULL),(2751,'Indonesia','ID','East Java','Surabaya','202.67.46.237','2019-11-22 18:53:40',NULL),(2752,'Indonesia','ID','East Java','Surabaya','202.67.46.237','2019-11-22 18:53:47',NULL),(2753,'Indonesia','ID','East Java','Surabaya','114.125.116.77','2019-11-22 19:07:35',NULL),(2754,'Hong Kong','HK','Central and Western District','Central','14.0.156.97','2019-11-22 19:56:28',NULL),(2755,'Indonesia','ID','East Java','Malang','36.71.32.210','2019-11-23 11:17:38',NULL),(2756,'United States','US','','','173.252.95.27','2019-11-23 11:17:51',NULL),(2757,'United States','US','','','173.252.95.7','2019-11-23 11:18:06',NULL),(2758,'Indonesia','ID','East Java','Surabaya','202.67.40.244','2019-11-24 05:07:17',NULL),(2759,'Indonesia','ID','East Java','Surabaya','202.67.40.244','2019-11-24 05:07:55',NULL),(2760,'Hong Kong','HK','','','210.177.72.182','2019-11-24 14:47:20',NULL),(2761,'Hong Kong','HK','','','210.177.72.182','2019-11-24 14:47:20',NULL),(2762,'Hong Kong','HK','','','210.177.72.182','2019-11-24 14:47:57',NULL),(2763,'Hong Kong','HK','','','210.177.72.182','2019-11-24 14:49:27',NULL),(2764,'Japan','JP','','','150.70.168.142','2019-11-24 19:54:48',NULL),(2765,'Japan','JP','','','150.70.167.86','2019-11-24 19:55:05',NULL),(2766,'Japan','JP','','','150.70.168.140','2019-11-24 19:55:17',NULL),(2767,'United States','US','Oregon','Boardman','54.185.146.72','2019-11-24 20:03:20',NULL),(2768,'Indonesia','ID','East Java','Malang','36.71.32.210','2019-11-25 11:30:40',NULL),(2769,'United States','US','Oregon','Boardman','54.218.100.127','2019-11-25 23:12:03',NULL),(2770,'Hong Kong','HK','Central and Western District','Central','14.0.175.23','2019-11-26 09:33:45',NULL),(2771,'Indonesia','ID','East Java','Malang','125.166.118.117','2019-11-27 14:12:17',NULL),(2772,'Indonesia','ID','East Java','Malang','125.166.118.117','2019-11-27 14:12:19',NULL),(2773,'Indonesia','ID','East Java','Malang','125.166.118.117','2019-11-27 14:12:27',NULL),(2774,'Indonesia','ID','East Java','Malang','125.166.118.117','2019-11-27 14:15:47',NULL),(2775,'Indonesia','ID','East Java','Malang','125.166.118.117','2019-11-27 14:15:48',NULL),(2776,'Indonesia','ID','Jakarta','Jakarta','140.213.42.189','2019-11-27 14:42:22',NULL),(2777,'Indonesia','ID','East Java','Malang','125.166.118.117','2019-11-28 12:55:08',NULL),(2778,'Indonesia','ID','East Java','Malang','125.166.118.117','2019-11-29 10:32:37',NULL),(2779,'Indonesia','ID','East Java','Malang','125.166.118.117','2019-11-29 10:32:38',NULL),(2780,'Indonesia','ID','East Java','Malang','125.166.118.117','2019-11-29 10:32:43',NULL),(2781,'Indonesia','ID','East Java','Malang','125.166.118.117','2019-11-29 10:33:07',NULL),(2782,'Indonesia','ID','East Java','Malang','125.166.118.117','2019-11-29 14:22:57',NULL),(2783,'Taiwan','TW','Kaohsiung','Kaohsiung City','111.184.107.74','2019-12-01 13:45:05',NULL),(2784,'Taiwan','TW','Kaohsiung','Kaohsiung City','111.184.107.74','2019-12-01 13:45:45',NULL),(2785,'Taiwan','TW','Kaohsiung','Kaohsiung City','111.184.107.74','2019-12-01 13:46:21',NULL),(2786,'Taiwan','TW','Kaohsiung','Kaohsiung City','111.184.107.74','2019-12-01 13:46:23',NULL),(2787,'Taiwan','TW','Kaohsiung','Kaohsiung City','111.184.107.74','2019-12-01 13:46:29',NULL),(2788,'Taiwan','TW','Kaohsiung','Kaohsiung City','111.184.107.74','2019-12-01 13:47:16',NULL),(2789,'Taiwan','TW','Kaohsiung','Kaohsiung City','111.184.107.74','2019-12-01 13:47:58',NULL),(2790,'Taiwan','TW','Kaohsiung','Kaohsiung City','111.184.107.74','2019-12-01 13:49:24',NULL),(2791,'Taiwan','TW','Kaohsiung','Kaohsiung City','111.184.107.74','2019-12-01 13:50:19',NULL),(2792,'Indonesia','ID','Jakarta','Jakarta','114.4.78.129','2019-12-01 15:01:43',NULL),(2793,'Indonesia','ID','Jakarta','Jakarta','114.4.78.129','2019-12-01 15:01:53',NULL),(2794,'Indonesia','ID','Jakarta','Jakarta','114.4.78.129','2019-12-01 15:05:08',NULL),(2795,'Indonesia','ID','Jakarta','Jakarta','114.4.78.129','2019-12-01 15:07:26',NULL),(2796,'Indonesia','ID','Jakarta','Jakarta','114.4.78.129','2019-12-01 15:20:47',NULL),(2797,'Indonesia','ID','Jakarta','Jakarta','114.4.78.129','2019-12-01 15:40:51',NULL),(2798,'Taiwan','TW','Kaohsiung','Kaohsiung City','111.184.107.74','2019-12-01 19:42:39',NULL),(2799,'Taiwan','TW','Kaohsiung','Kaohsiung City','111.184.107.74','2019-12-01 19:43:49',NULL),(2800,'Taiwan','TW','Kaohsiung','Kaohsiung City','111.184.107.74','2019-12-01 19:49:05',NULL),(2801,'Indonesia','ID','East Java','Surabaya','114.125.101.134','2019-12-02 04:52:23',NULL),(2802,'Indonesia','ID','East Java','Surabaya','114.125.117.6','2019-12-02 04:52:24',NULL),(2803,'Taiwan','TW','Taipei City','Taipei','110.28.10.198','2019-12-02 04:52:25',NULL),(2804,'Taiwan','TW','Taipei City','Taipei','110.28.10.198','2019-12-02 04:55:50',NULL),(2805,'Indonesia','ID','East Java','Surabaya','114.125.101.94','2019-12-02 05:03:21',NULL),(2806,'Taiwan','TW','Taipei City','Taipei','110.28.10.198','2019-12-02 05:04:39',NULL),(2807,'Indonesia','ID','East Java','Surabaya','114.125.101.178','2019-12-02 05:04:42',NULL),(2808,'Taiwan','TW','Nantou','Nantou City','223.141.118.121','2019-12-02 14:11:23',NULL),(2809,'Hong Kong','HK','Central and Western District','Central','14.0.174.152','2019-12-03 10:42:31',NULL),(2810,'Taiwan','TW','Taichung City','Taichung','42.76.27.177','2019-12-03 22:10:22',NULL),(2811,'United States','US','','','167.71.171.151','2019-12-04 10:05:19',NULL),(2812,'United States','US','','','157.245.8.254','2019-12-04 15:09:19',NULL),(2813,'United States','US','','','134.209.164.97','2019-12-04 21:15:13',NULL),(2814,'United States','US','','','157.245.120.11','2019-12-05 00:04:10',NULL),(2815,'Taiwan','TW','Kaohsiung','Kaohsiung City','110.26.73.252','2019-12-05 12:47:23',NULL),(2816,'Taiwan','TW','Kaohsiung','Kaohsiung City','110.26.73.252','2019-12-05 12:49:06',NULL),(2817,'Taiwan','TW','Kaohsiung','Kaohsiung City','110.26.73.252','2019-12-05 12:50:08',NULL),(2818,'Indonesia','ID','East Java','Malang','36.71.76.38','2019-12-05 13:52:43',NULL),(2819,'United States','US','New Jersey','Clifton','209.97.146.144','2019-12-05 16:44:38',NULL),(2820,'United States','US','','','157.245.116.56','2019-12-05 17:08:43',NULL),(2821,'Indonesia','ID','East Java','Malang','36.71.76.38','2019-12-06 10:25:48',NULL),(2822,'Indonesia','ID','East Java','Malang','36.71.76.38','2019-12-06 10:25:49',NULL),(2823,'Indonesia','ID','East Java','Malang','36.71.76.38','2019-12-06 10:26:01',NULL),(2824,'Indonesia','ID','East Java','Malang','36.71.76.38','2019-12-06 10:26:02',NULL),(2825,'Indonesia','ID','East Java','Malang','36.71.76.38','2019-12-06 10:26:28',NULL),(2826,'Taiwan','TW','Taoyuan','Taoyuan District','36.228.39.185','2019-12-06 10:26:41',NULL),(2827,'Indonesia','ID','East Java','Malang','36.71.76.38','2019-12-06 10:28:30',NULL),(2828,'United States','US','','','173.252.87.3','2019-12-07 22:19:31',NULL),(2829,'Indonesia','ID','East Java','Surabaya','114.125.87.29','2019-12-08 19:11:18',NULL),(2830,'Indonesia','ID','East Java','Tuban','36.85.67.125','2019-12-09 10:10:51',NULL),(2831,'Indonesia','ID','East Java','Tuban','36.85.67.125','2019-12-09 10:31:01',NULL),(2832,'Indonesia','ID','','','114.5.245.163','2019-12-09 16:39:06',NULL),(2833,'Indonesia','ID','','','114.5.245.163','2019-12-09 16:39:07',NULL),(2834,'Taiwan','TW','Tainan','Tainan City','218.166.26.168','2019-12-09 16:50:09',NULL),(2835,'Indonesia','ID','East Java','Surabaya','180.248.37.217','2019-12-09 16:53:42',NULL),(2836,'Indonesia','ID','East Java','Surabaya','180.248.37.217','2019-12-09 16:54:20',NULL),(2837,'Indonesia','ID','Yogyakarta','Yogyakarta','120.188.73.20','2019-12-09 16:54:41',NULL),(2838,'Indonesia','ID','Yogyakarta','Yogyakarta','120.188.73.20','2019-12-09 16:54:41',NULL),(2839,'Indonesia','ID','Yogyakarta','Yogyakarta','120.188.73.20','2019-12-09 17:06:08',NULL),(2840,'Taiwan','TW','Tainan','Tainan City','218.166.26.168','2019-12-09 17:24:20',NULL),(2841,'Taiwan','TW','Tainan','Tainan City','218.166.26.168','2019-12-09 17:59:05',NULL),(2842,'Taiwan','TW','Tainan','Tainan City','218.166.26.168','2019-12-09 17:59:07',NULL),(2843,'Indonesia','ID','East Java','Surabaya','180.248.37.217','2019-12-10 08:34:52',NULL),(2844,'United States','US','','','173.252.87.47','2019-12-11 10:10:35',NULL),(2845,'Indonesia','ID','East Java','Surabaya','180.248.37.217','2019-12-11 10:18:12',NULL),(2846,'Indonesia','ID','East Java','Surabaya','180.248.37.217','2019-12-11 10:18:14',NULL),(2847,'Indonesia','ID','East Java','Surabaya','180.248.37.217','2019-12-11 10:18:31',NULL),(2848,'Taiwan','TW','Taipei City','Taipei','118.150.75.45','2019-12-11 10:19:09',NULL),(2849,'Taiwan','TW','Taipei City','Taipei','118.150.75.45','2019-12-12 10:38:12',NULL),(2850,'Taiwan','TW','Taipei City','Taipei','118.150.75.45','2019-12-12 12:59:14',NULL),(2851,'Taiwan','TW','Taipei City','Taipei','118.150.75.45','2019-12-13 09:11:38',NULL),(2852,'Taiwan','TW','Kaohsiung','Kaohsiung City','115.43.241.190','2019-12-13 21:37:07',NULL),(2853,'Taiwan','TW','Kaohsiung','Kaohsiung City','115.43.241.190','2019-12-13 21:37:42',NULL),(2854,'Indonesia','ID','East Java','Surabaya','180.248.38.255','2019-12-14 11:36:31',NULL),(2855,'Indonesia','ID','East Java','Surabaya','115.178.253.150','2019-12-14 19:47:16',NULL),(2856,'Indonesia','ID','Yogyakarta','Yogyakarta','120.188.73.20','2019-12-14 20:05:22',NULL),(2857,'Taiwan','TW','Taipei City','Taipei','101.15.184.140','2019-12-14 20:23:49',NULL),(2858,'Hong Kong','HK','Central and Western District','Central','45.64.243.147','2019-12-15 15:52:41',NULL),(2859,'Hong Kong','HK','Central and Western District','Central','45.64.243.147','2019-12-15 15:54:16',NULL),(2860,'Hong Kong','HK','Central and Western District','Central','45.64.243.147','2019-12-15 15:54:29',NULL),(2861,'Hong Kong','HK','Central and Western District','Central','45.64.243.147','2019-12-15 15:54:56',NULL),(2862,'Hong Kong','HK','Central and Western District','Central','45.64.243.147','2019-12-15 15:55:05',NULL),(2863,'Hong Kong','HK','Central and Western District','Central','45.64.243.147','2019-12-15 15:55:37',NULL),(2864,'Hong Kong','HK','Central and Western District','Central','45.64.243.147','2019-12-15 15:57:21',NULL),(2865,'Hong Kong','HK','Central and Western District','Central','45.64.243.147','2019-12-15 15:58:10',NULL),(2866,'Hong Kong','HK','Central and Western District','Central','45.64.243.147','2019-12-15 15:58:16',NULL),(2867,'Hong Kong','HK','Central and Western District','Central','45.64.243.147','2019-12-15 15:58:36',NULL),(2868,'Hong Kong','HK','Central and Western District','Central','45.64.243.147','2019-12-15 15:59:46',NULL),(2869,'Hong Kong','HK','Central and Western District','Central','45.64.243.147','2019-12-15 16:00:29',NULL),(2870,'Hong Kong','HK','Central and Western District','Central','45.64.243.147','2019-12-15 16:03:30',NULL),(2871,'Hong Kong','HK','Central and Western District','Central','45.64.243.147','2019-12-15 16:03:30',NULL),(2872,'Hong Kong','HK','Central and Western District','Central','45.64.243.147','2019-12-15 16:05:17',NULL),(2873,'Hong Kong','HK','Central and Western District','Central','45.64.243.147','2019-12-15 16:05:56',NULL),(2874,'Hong Kong','HK','Central and Western District','Central','45.64.243.147','2019-12-15 16:19:05',NULL),(2875,'Hong Kong','HK','Central and Western District','Central','45.64.243.147','2019-12-15 16:22:45',NULL),(2876,'Hong Kong','HK','Central and Western District','Central','45.64.243.147','2019-12-15 16:26:00',NULL),(2877,'Hong Kong','HK','Central and Western District','Central','49.130.128.137','2019-12-15 17:28:05',NULL),(2878,'Hong Kong','HK','Central and Western District','Central','49.130.128.137','2019-12-15 17:28:45',NULL),(2879,'Indonesia','ID','East Java','Surabaya','180.248.44.136','2019-12-15 17:29:20',NULL),(2880,'Indonesia','ID','East Java','Surabaya','180.248.44.136','2019-12-15 17:29:44',NULL),(2881,'Indonesia','ID','East Java','Surabaya','180.248.44.136','2019-12-15 17:30:31',NULL),(2882,'Indonesia','ID','East Java','Surabaya','180.248.44.136','2019-12-15 17:31:24',NULL),(2883,'Indonesia','ID','East Java','Surabaya','180.248.44.136','2019-12-15 17:31:25',NULL),(2884,'Indonesia','ID','East Java','Surabaya','180.248.44.136','2019-12-15 18:37:04',NULL),(2885,'Taiwan','TW','','','117.19.249.93','2019-12-15 19:55:17',NULL),(2886,'Hong Kong','HK','Central and Western District','Central','45.64.241.161','2019-12-16 06:18:05',NULL),(2887,'Hong Kong','HK','Central and Western District','Central','45.64.241.161','2019-12-16 06:19:05',NULL),(2888,'Taiwan','TW','Taipei City','Taipei','118.150.75.45','2019-12-16 18:51:33',NULL),(2889,'Indonesia','ID','East Java','Surabaya','182.1.109.255','2019-12-16 19:43:17',NULL),(2890,'Taiwan','TW','Hsinchu','Hsinchu','110.50.139.168','2019-12-16 19:45:32',NULL),(2891,'Taiwan','TW','Hsinchu','Hsinchu','110.50.139.168','2019-12-16 20:04:56',NULL),(2892,'Taiwan','TW','Hsinchu','Hsinchu','110.50.139.168','2019-12-16 20:10:55',NULL),(2893,'Taiwan','TW','Hsinchu','Hsinchu','110.50.139.168','2019-12-16 20:12:23',NULL),(2894,'Taiwan','TW','Taipei City','Taipei','223.136.24.13','2019-12-17 09:14:02',NULL),(2895,'Indonesia','ID','Jakarta','Jakarta','125.160.22.210','2019-12-17 09:48:46',NULL),(2896,'Indonesia','ID','Jakarta','Jakarta','125.160.22.210','2019-12-17 10:40:26',NULL),(2897,'India','IN','Maharashtra','Nagpur','69.171.251.13','2019-12-17 10:42:11',NULL),(2898,'Canada','CA','Ontario','Ottawa','66.220.149.23','2019-12-17 10:42:11',NULL),(2899,'India','IN','Maharashtra','Nagpur','69.171.251.6','2019-12-17 10:42:12',NULL),(2900,'Ireland','IE','','','31.13.115.3','2019-12-17 10:42:13',NULL),(2901,'Taiwan','TW','Taichung City','Taichung','101.136.117.155','2019-12-17 15:10:12',NULL),(2902,'Taiwan','TW','Taichung City','Taichung','101.136.117.155','2019-12-17 15:10:49',NULL),(2903,'Taiwan','TW','Taichung City','Taichung','101.136.117.155','2019-12-17 15:11:49',NULL),(2904,'Taiwan','TW','','','101.137.27.200','2019-12-17 19:37:16',NULL),(2905,'Taiwan','TW','','','101.137.27.200','2019-12-17 19:39:28',NULL),(2906,'Taiwan','TW','','','101.137.27.200','2019-12-17 19:41:58',NULL),(2907,'United States','US','','','173.252.83.15','2019-12-18 07:39:22',NULL),(2908,'Taiwan','TW','Tainan','Tainan City','61.227.100.4','2019-12-18 08:28:11',NULL),(2909,'Taiwan','TW','Tainan','Tainan City','61.227.100.4','2019-12-18 08:46:43',NULL),(2910,'Indonesia','ID','Jakarta','Jakarta','125.160.22.210','2019-12-18 09:18:27',NULL),(2911,'Taiwan','TW','Taipei City','Taipei','101.136.86.16','2019-12-18 12:42:35',NULL),(2912,'Taiwan','TW','Taipei City','Taipei','223.140.21.12','2019-12-18 12:57:32',NULL),(2913,'Taiwan','TW','Taipei City','Taipei','223.140.21.12','2019-12-18 12:57:47',NULL),(2914,'Taiwan','TW','Taipei City','Taipei','223.140.21.12','2019-12-18 12:57:50',NULL),(2915,'Taiwan','TW','Taipei City','Taipei','223.140.21.12','2019-12-18 12:57:52',NULL),(2916,'Taiwan','TW','Taipei City','Taipei','223.140.21.12','2019-12-18 12:59:20',NULL),(2917,'Taiwan','TW','Taipei City','Taipei','223.140.21.12','2019-12-18 12:59:31',NULL),(2918,'Taiwan','TW','Taipei City','Taipei','223.140.21.12','2019-12-18 12:59:34',NULL),(2919,'Taiwan','TW','Taipei City','Taipei','223.140.21.12','2019-12-18 12:59:36',NULL),(2920,'Taiwan','TW','Taipei City','Taipei','223.140.21.12','2019-12-18 12:59:38',NULL),(2921,'Taiwan','TW','Taipei City','Taipei','223.140.21.12','2019-12-18 12:59:39',NULL),(2922,'Taiwan','TW','Taipei City','Taipei','223.140.21.12','2019-12-18 12:59:39',NULL),(2923,'Taiwan','TW','Taipei City','Taipei','223.140.21.12','2019-12-18 12:59:40',NULL),(2924,'Taiwan','TW','Tainan','Tainan City','61.227.100.4','2019-12-18 13:22:47',NULL),(2925,'Taiwan','TW','Taipei City','Taipei','118.150.75.45','2019-12-18 14:29:45',NULL),(2926,'Taiwan','TW','Tainan','Tainan City','61.227.100.4','2019-12-18 15:11:56',NULL),(2927,'Taiwan','TW','Tainan','Tainan City','61.227.100.4','2019-12-18 15:57:59',NULL),(2928,'Taiwan','TW','Taipei City','Taipei','118.150.75.45','2019-12-18 20:54:07',NULL),(2929,'Taiwan','TW','Tainan','Tainan City','61.227.100.4','2019-12-19 05:56:12',NULL),(2930,'Indonesia','ID','Jakarta','Jakarta','125.160.22.210','2019-12-19 12:22:29',NULL),(2931,'Indonesia','ID','Jakarta','Jakarta','125.160.22.210','2019-12-19 12:33:39',NULL),(2932,'Taiwan','TW','Kaohsiung','Kaohsiung City','39.8.137.202','2019-12-19 12:34:37',NULL),(2933,'Taiwan','TW','Kaohsiung','Kaohsiung City','39.8.137.202','2019-12-19 12:37:09',NULL),(2934,'Taiwan','TW','Kaohsiung','Kaohsiung City','39.8.137.202','2019-12-19 12:37:19',NULL),(2935,'Taiwan','TW','Kaohsiung','Kaohsiung City','39.8.137.202','2019-12-19 12:38:09',NULL),(2936,'Taiwan','TW','Kaohsiung','Kaohsiung City','39.8.137.202','2019-12-19 12:40:30',NULL),(2937,'Taiwan','TW','Kaohsiung','Kaohsiung City','39.8.137.202','2019-12-19 12:40:31',NULL),(2938,'Taiwan','TW','Kaohsiung','Kaohsiung City','39.8.137.202','2019-12-19 12:43:04',NULL),(2939,'Taiwan','TW','Kaohsiung','Kaohsiung City','39.8.137.202','2019-12-19 12:45:29',NULL),(2940,'Taiwan','TW','Kaohsiung','Kaohsiung City','39.8.137.202','2019-12-19 12:45:46',NULL),(2941,'Taiwan','TW','Kaohsiung','Kaohsiung City','39.8.137.202','2019-12-19 13:12:33',NULL),(2942,'Taiwan','TW','Kaohsiung','Kaohsiung City','39.8.137.202','2019-12-19 13:12:56',NULL),(2943,'Taiwan','TW','Kaohsiung','Kaohsiung City','39.8.137.202','2019-12-19 13:13:00',NULL),(2944,'Taiwan','TW','Kaohsiung','Kaohsiung City','39.8.137.202','2019-12-19 13:13:05',NULL),(2945,'Indonesia','ID','Jakarta','Jakarta','125.160.22.210','2019-12-19 13:23:45',NULL),(2946,'Taiwan','TW','Kaohsiung','Kaohsiung City','39.8.137.202','2019-12-19 13:44:49',NULL),(2947,'Indonesia','ID','Jakarta','Jakarta','125.160.22.210','2019-12-19 13:55:21',NULL),(2948,'Taiwan','TW','Taipei City','Taipei','39.9.229.31','2019-12-19 15:23:13',NULL),(2949,'Indonesia','ID','','','114.79.19.24','2019-12-19 15:23:42',NULL),(2950,'Taiwan','TW','','','101.137.127.85','2019-12-19 16:33:01',NULL),(2951,'Taiwan','TW','Taipei City','Taipei','118.150.75.45','2019-12-19 21:12:30',NULL),(2952,'Taiwan','TW','Kaohsiung','Kaohsiung City','39.8.137.202','2019-12-20 09:15:39',NULL),(2953,'Taiwan','TW','Kaohsiung','Kaohsiung City','39.8.137.202','2019-12-20 09:16:58',NULL),(2954,'Taiwan','TW','Kaohsiung','Kaohsiung City','39.8.137.202','2019-12-20 09:17:09',NULL),(2955,'Taiwan','TW','Kaohsiung','Kaohsiung City','39.8.137.202','2019-12-20 09:17:41',NULL),(2956,'Taiwan','TW','Kaohsiung','Kaohsiung City','39.8.137.202','2019-12-20 09:20:49',NULL),(2957,'Taiwan','TW','Kaohsiung','Kaohsiung City','39.8.137.202','2019-12-20 09:39:41',NULL),(2958,'Taiwan','TW','Kaohsiung','Kaohsiung City','39.8.137.202','2019-12-20 09:40:04',NULL),(2959,'Taiwan','TW','Kaohsiung','Kaohsiung City','39.8.137.202','2019-12-20 09:40:48',NULL),(2960,'Taiwan','TW','Kaohsiung','Kaohsiung City','39.8.137.202','2019-12-20 09:40:49',NULL),(2961,'Taiwan','TW','Hsinchu','Hsinchu','110.50.139.168','2019-12-20 12:44:57',NULL),(2962,'Taiwan','TW','Taipei City','Taipei','118.150.75.45','2019-12-20 13:16:06',NULL),(2963,'Hong Kong','HK','','','210.177.72.182','2019-12-20 14:10:40',NULL),(2964,'Hong Kong','HK','','','210.177.72.182','2019-12-20 14:11:53',NULL),(2965,'Hong Kong','HK','','','210.177.72.182','2019-12-20 14:12:10',NULL),(2966,'Hong Kong','HK','','','210.177.72.182','2019-12-20 14:12:26',NULL),(2967,'Hong Kong','HK','','','210.177.72.182','2019-12-20 14:12:46',NULL),(2968,'Taiwan','TW','Kaohsiung','Kaohsiung City','39.8.137.202','2019-12-20 14:54:54',NULL),(2969,'Taiwan','TW','Kaohsiung','Kaohsiung City','39.8.137.202','2019-12-20 14:56:22',NULL),(2970,'Taiwan','TW','Kaohsiung','Kaohsiung City','39.8.137.202','2019-12-20 14:57:59',NULL),(2971,'Taiwan','TW','Kaohsiung','Kaohsiung City','39.8.137.202','2019-12-20 14:58:17',NULL),(2972,'Taiwan','TW','Kaohsiung','Kaohsiung City','39.8.137.202','2019-12-20 14:58:57',NULL),(2973,'Taiwan','TW','Kaohsiung','Kaohsiung City','39.8.137.202','2019-12-20 14:59:43',NULL),(2974,'Taiwan','TW','Kaohsiung','Kaohsiung City','39.8.137.202','2019-12-20 16:58:50',NULL),(2975,'Hong Kong','HK','Central and Western District','Central','14.0.229.162','2019-12-20 18:20:53',NULL),(2976,'Hong Kong','HK','Central and Western District','Central','14.0.229.162','2019-12-20 18:22:22',NULL),(2977,'Hong Kong','HK','Central and Western District','Central','14.0.229.162','2019-12-20 18:22:53',NULL),(2978,'Hong Kong','HK','Central and Western District','Central','14.0.229.162','2019-12-20 18:23:09',NULL),(2979,'Hong Kong','HK','Central and Western District','Central','14.0.229.162','2019-12-20 18:23:28',NULL),(2980,'Hong Kong','HK','Central and Western District','Central','14.0.229.162','2019-12-20 18:23:38',NULL),(2981,'Hong Kong','HK','Central and Western District','Central','14.0.229.162','2019-12-20 18:24:17',NULL),(2982,'Taiwan','TW','Yilan','Yilan','1.162.4.14','2019-12-20 18:41:26',NULL),(2983,'United States','US','','','173.252.95.21','2019-12-20 18:59:51',NULL),(2984,'Taiwan','TW','Kaohsiung','Kaohsiung City','39.8.137.202','2019-12-20 21:23:45',NULL),(2985,'Taiwan','TW','Kaohsiung','Kaohsiung City','39.8.137.202','2019-12-20 21:24:14',NULL),(2986,'Taiwan','TW','Kaohsiung','Kaohsiung City','39.8.137.202','2019-12-20 21:24:45',NULL),(2987,'Taiwan','TW','Kaohsiung','Kaohsiung City','39.8.137.202','2019-12-20 21:26:40',NULL),(2988,'Taiwan','TW','Kaohsiung','Kaohsiung City','39.8.137.202','2019-12-20 21:27:30',NULL),(2989,'Taiwan','TW','Kaohsiung','Kaohsiung City','39.8.137.202','2019-12-20 21:27:37',NULL),(2990,'Taiwan','TW','Kaohsiung','Kaohsiung City','39.8.137.202','2019-12-20 21:29:03',NULL),(2991,'Taiwan','TW','Kaohsiung','Kaohsiung City','39.8.137.202','2019-12-20 21:29:37',NULL),(2992,'Taiwan','TW','Kaohsiung','Kaohsiung City','39.8.137.202','2019-12-20 21:29:41',NULL),(2993,'Taiwan','TW','Kaohsiung','Kaohsiung City','39.8.137.202','2019-12-20 21:30:06',NULL),(2994,'Taiwan','TW','Kaohsiung','Kaohsiung City','39.8.137.202','2019-12-20 21:30:39',NULL),(2995,'Indonesia','ID','East Java','Malang','125.166.116.116','2019-12-21 11:25:08',NULL),(2996,'Indonesia','ID','East Java','Malang','125.166.116.116','2019-12-21 11:25:11',NULL),(2997,'Taiwan','TW','Kaohsiung','Fongshan District','110.26.197.242','2019-12-21 11:25:17',NULL),(2998,'Taiwan','TW','Kaohsiung','Fongshan District','110.26.197.242','2019-12-21 11:29:56',NULL),(2999,'Taiwan','TW','Kaohsiung','Fongshan District','110.26.197.242','2019-12-21 11:43:32',NULL),(3000,'Taiwan','TW','Kaohsiung','Kaohsiung City','39.8.137.202','2019-12-21 17:54:23',NULL),(3001,'Taiwan','TW','Kaohsiung','Kaohsiung City','39.8.137.202','2019-12-21 17:54:59',NULL),(3002,'Taiwan','TW','Kaohsiung','Kaohsiung City','39.8.137.202','2019-12-21 17:55:08',NULL),(3003,'Taiwan','TW','Kaohsiung','Kaohsiung City','39.8.137.202','2019-12-21 17:55:43',NULL),(3004,'Indonesia','ID','East Java','Malang','125.160.197.154','2019-12-22 16:30:07',NULL),(3005,'Indonesia','ID','East Java','Malang','180.248.28.177','2019-12-23 08:46:58',NULL),(3006,'Indonesia','ID','East Java','Malang','180.248.28.177','2019-12-23 08:55:31',NULL),(3007,'Indonesia','ID','East Java','Malang','180.248.28.177','2019-12-23 15:03:26',NULL),(3008,'Indonesia','ID','East Java','Malang','180.248.28.177','2019-12-23 15:03:48',NULL),(3009,'France','FR','Paris','Paris','51.158.117.104','2019-12-24 02:56:47',NULL),(3010,'France','FR','','','51.15.242.216','2019-12-24 21:52:05',NULL),(3011,'Hong Kong','HK','','','210.177.72.182','2019-12-25 14:08:27',NULL),(3012,'United States','US','Oregon','Boardman','35.165.191.32','2019-12-25 22:53:00',NULL),(3013,'Taiwan','TW','Hsinchu','Hsinchu','110.28.166.243','2019-12-26 10:20:01',NULL),(3014,'Taiwan','TW','Hsinchu','Hsinchu','110.28.166.243','2019-12-26 10:21:41',NULL),(3015,'Taiwan','TW','Hsinchu','Hsinchu','110.28.166.243','2019-12-26 11:58:53',NULL),(3016,'Taiwan','TW','Hsinchu','Hsinchu','110.28.166.243','2019-12-26 11:59:35',NULL),(3017,'Taiwan','TW','Hsinchu','Hsinchu','110.28.166.243','2019-12-26 11:59:38',NULL),(3018,'Taiwan','TW','Hsinchu','Hsinchu','110.28.166.243','2019-12-26 20:16:34',NULL),(3019,'Taiwan','TW','Hsinchu','Hsinchu','110.28.166.243','2019-12-26 20:16:35',NULL),(3020,'Taiwan','TW','Hsinchu','Hsinchu','110.28.166.243','2019-12-26 20:17:19',NULL),(3021,'Taiwan','TW','Hsinchu','Hsinchu','110.28.166.243','2019-12-26 20:17:41',NULL),(3022,'Taiwan','TW','Hsinchu','Hsinchu','110.28.166.243','2019-12-26 20:18:31',NULL),(3023,'Taiwan','TW','Hsinchu','Hsinchu','110.28.166.243','2019-12-26 20:19:14',NULL),(3024,'Taiwan','TW','Hsinchu','Hsinchu','110.28.166.243','2019-12-26 20:19:22',NULL),(3025,'Taiwan','TW','Hsinchu','Hsinchu','110.28.166.243','2019-12-26 20:19:53',NULL),(3026,'Taiwan','TW','Hsinchu','Hsinchu','110.28.166.243','2019-12-26 20:21:01',NULL),(3027,'Taiwan','TW','Hsinchu','Hsinchu','110.28.166.243','2019-12-26 20:21:44',NULL),(3028,'Indonesia','ID','East Java','Malang','180.248.28.177','2019-12-27 08:43:40',NULL),(3029,'Taiwan','TW','Taipei City','Taipei','27.246.162.0','2019-12-27 09:18:06',NULL),(3030,'Taiwan','TW','Tainan','Tainan City','118.171.151.93','2019-12-27 09:28:59',NULL),(3031,'Taiwan','TW','Taipei City','Taipei','27.246.162.0','2019-12-27 09:43:25',NULL),(3032,'Taiwan','TW','Taipei City','Taipei','27.246.162.0','2019-12-27 09:43:25',NULL),(3033,'Taiwan','TW','Taipei City','Taipei','27.246.162.0','2019-12-27 09:45:27',NULL),(3034,'Indonesia','ID','East Java','Surabaya','114.125.70.222','2019-12-27 10:37:52',NULL),(3035,'Indonesia','ID','East Java','Surabaya','114.125.70.222','2019-12-27 10:37:53',NULL),(3036,'Indonesia','ID','East Java','Surabaya','202.67.46.225','2019-12-27 11:05:15',NULL),(3037,'France','FR','Paris','Paris','51.159.0.165','2019-12-27 11:32:09',NULL),(3038,'Taiwan','TW','Hsinchu','Hsinchu','110.28.166.243','2019-12-27 12:06:52',NULL),(3039,'Taiwan','TW','Hsinchu','Hsinchu','110.28.166.243','2019-12-27 12:10:33',NULL),(3040,'Taiwan','TW','Hsinchu','Hsinchu','110.28.166.243','2019-12-27 12:11:18',NULL),(3041,'Taiwan','TW','Hsinchu','Hsinchu','110.28.166.243','2019-12-27 12:11:19',NULL),(3042,'Taiwan','TW','Hsinchu','Hsinchu','110.28.166.243','2019-12-27 12:11:23',NULL),(3043,'Taiwan','TW','Hsinchu','Hsinchu','110.28.166.243','2019-12-27 12:11:23',NULL),(3044,'Taiwan','TW','Hsinchu','Hsinchu','110.28.166.243','2019-12-27 12:11:25',NULL),(3045,'Taiwan','TW','Hsinchu','Hsinchu','110.28.166.243','2019-12-27 12:11:44',NULL),(3046,'Taiwan','TW','Hsinchu','Hsinchu','110.28.166.243','2019-12-27 12:11:44',NULL),(3047,'Taiwan','TW','Hsinchu','Hsinchu','110.28.166.243','2019-12-27 12:11:53',NULL),(3048,'Taiwan','TW','Hsinchu','Hsinchu','110.28.166.243','2019-12-27 12:15:53',NULL),(3049,'Taiwan','TW','Hsinchu','Hsinchu','110.28.166.243','2019-12-27 12:17:09',NULL),(3050,'Taiwan','TW','Kaohsiung','Kaohsiung City','39.8.137.202','2019-12-27 12:42:33',NULL),(3051,'Taiwan','TW','Kaohsiung','Kaohsiung City','39.8.137.202','2019-12-27 12:43:38',NULL),(3052,'Indonesia','ID','East Java','Malang','180.248.28.177','2019-12-27 12:45:05',NULL),(3053,'Taiwan','TW','','','101.13.248.139','2019-12-27 13:17:00',NULL),(3054,'Taiwan','TW','','','101.13.248.139','2019-12-27 13:17:38',NULL),(3055,'Taiwan','TW','','','101.13.248.139','2019-12-27 13:18:20',NULL),(3056,'Taiwan','TW','','','101.13.248.139','2019-12-27 13:18:27',NULL),(3057,'Taiwan','TW','','','101.13.248.139','2019-12-27 13:20:24',NULL),(3058,'Taiwan','TW','','','101.13.248.139','2019-12-27 13:22:14',NULL),(3059,'Taiwan','TW','Taipei City','Taipei','27.246.162.0','2019-12-27 15:40:27',NULL),(3060,'Taiwan','TW','Hsinchu','Hsinchu','110.28.166.243','2019-12-27 15:59:05',NULL),(3061,'Taiwan','TW','Hsinchu','Hsinchu','110.28.166.243','2019-12-27 16:01:23',NULL),(3062,'Taiwan','TW','Hsinchu','Hsinchu','110.28.166.243','2019-12-27 16:08:10',NULL),(3063,'Taiwan','TW','Hsinchu','Hsinchu','110.28.166.243','2019-12-27 16:09:34',NULL),(3064,'Taiwan','TW','Hsinchu','Hsinchu','110.28.166.243','2019-12-27 16:10:19',NULL),(3065,'Taiwan','TW','Hsinchu','Hsinchu','110.28.166.243','2019-12-27 16:31:04',NULL),(3066,'Taiwan','TW','Taipei City','Taipei','180.217.184.174','2019-12-27 20:13:20',NULL),(3067,'Taiwan','TW','Taichung City','Taichung','180.217.230.143','2019-12-27 22:37:25',NULL),(3068,'Taiwan','TW','Taichung City','Taichung','180.217.230.143','2019-12-27 22:39:01',NULL),(3069,'Taiwan','TW','Taichung City','Taichung','180.217.230.143','2019-12-27 22:39:55',NULL),(3070,'Taiwan','TW','Taichung City','Taichung','180.217.230.143','2019-12-27 23:22:46',NULL),(3071,'Taiwan','TW','Taichung City','Taichung','180.217.230.143','2019-12-27 23:30:32',NULL),(3072,'Taiwan','TW','Hsinchu','Hsinchu','110.28.166.243','2019-12-28 02:23:11',NULL),(3073,'Taiwan','TW','Hsinchu','Hsinchu','110.28.166.243','2019-12-28 02:23:51',NULL),(3074,'Taiwan','TW','Taipei City','Taipei','39.12.33.30','2019-12-28 09:30:13',NULL),(3075,'Taiwan','TW','Taipei City','Taipei','39.12.33.30','2019-12-28 09:34:09',NULL),(3076,'Taiwan','TW','Taipei City','Taipei','39.12.33.30','2019-12-28 09:39:15',NULL),(3077,'Taiwan','TW','Taipei City','Taipei','39.12.33.30','2019-12-28 09:41:11',NULL),(3078,'Taiwan','TW','Taipei City','Taipei','39.12.33.30','2019-12-28 14:54:15',NULL),(3079,'Taiwan','TW','Taipei City','Taipei','39.12.33.30','2019-12-28 14:54:16',NULL),(3080,'Indonesia','ID','East Java','Surabaya','114.125.116.150','2019-12-28 15:25:47',NULL),(3081,'Taiwan','TW','Taipei City','Taipei','39.12.33.30','2019-12-28 20:25:01',NULL),(3082,'Taiwan','TW','Taipei City','Taipei','39.12.33.30','2019-12-28 20:25:02',NULL),(3083,'Taiwan','TW','Taipei City','Taipei','39.12.33.30','2019-12-28 20:29:17',NULL),(3084,'Taiwan','TW','Taipei City','Taipei','180.217.94.142','2019-12-28 21:22:18',NULL),(3085,'Taiwan','TW','Taipei City','Taipei','180.217.94.142','2019-12-29 08:36:48',NULL),(3086,'Indonesia','ID','East Java','Surabaya','180.248.35.74','2019-12-30 09:36:18',NULL),(3087,'Taiwan','TW','Kaohsiung','Kaohsiung City','39.8.137.202','2019-12-30 09:42:58',NULL),(3088,'Indonesia','ID','East Java','Surabaya','182.1.72.35','2019-12-30 11:51:10',NULL),(3089,'Indonesia','ID','East Java','Surabaya','182.1.72.35','2019-12-30 11:51:11',NULL),(3090,'Indonesia','ID','East Java','Surabaya','182.1.72.35','2019-12-30 11:51:20',NULL),(3091,'Indonesia','ID','East Java','Surabaya','182.1.72.35','2019-12-30 11:51:21',NULL),(3092,'United States','US','','','173.252.87.3','2019-12-30 11:51:44',NULL),(3093,'Indonesia','ID','East Java','Surabaya','180.248.35.74','2019-12-30 13:24:34',NULL),(3094,'Taiwan','TW','','','101.12.113.199','2019-12-31 00:07:29',NULL),(3095,'United States','US','','','173.252.95.16','2019-12-31 10:36:21',NULL),(3096,'United States','US','','','173.252.87.7','2019-12-31 10:36:22',NULL),(3097,'Taiwan','TW','Taipei City','Taipei','110.50.155.172','2019-12-31 11:47:55',NULL),(3098,'Taiwan','TW','Taichung City','Taichung','42.76.217.161','2019-12-31 13:06:25',NULL),(3099,'Taiwan','TW','Kaohsiung','Kaohsiung City','39.12.232.215','2019-12-31 19:40:18',NULL),(3100,'United States','US','','','134.209.164.128','2020-01-01 15:52:03',NULL),(3101,'United States','US','','','167.71.175.241','2020-01-02 05:47:06',NULL),(3102,'United States','US','','','134.209.166.163','2020-01-02 07:23:30',NULL),(3103,'United Kingdom','GB','','','167.172.234.170','2020-01-02 15:32:21',NULL),(3104,'United States','US','New Jersey','Clifton','159.203.75.233','2020-01-02 17:58:39',NULL),(3105,'Indonesia','ID','East Java','Malang','36.85.72.72','2020-01-03 14:39:24',NULL),(3106,'Taiwan','TW','Taoyuan','Taoyuan District','110.26.234.70','2020-01-03 17:37:07',NULL),(3107,'Taiwan','TW','Taoyuan','Taoyuan District','110.26.234.70','2020-01-03 17:38:21',NULL),(3108,'Taiwan','TW','Taoyuan','Taoyuan District','110.26.234.70','2020-01-03 17:39:57',NULL),(3109,'Taiwan','TW','Taoyuan','Taoyuan District','110.26.234.70','2020-01-03 17:42:39',NULL),(3110,'Indonesia','ID','East Java','Malang','36.85.72.72','2020-01-04 10:55:04',NULL),(3111,'Indonesia','ID','Jakarta','Jakarta','125.160.22.103','2020-01-05 16:47:48',NULL),(3112,'Indonesia','ID','Jakarta','Jakarta','125.160.22.103','2020-01-05 16:48:28',NULL),(3113,'Taiwan','TW','','','180.204.251.168','2020-01-05 17:10:40',NULL),(3114,'Taiwan','TW','','','180.204.251.168','2020-01-05 18:14:13',NULL),(3115,'Taiwan','TW','','','180.204.251.168','2020-01-05 18:45:32',NULL),(3116,'Hong Kong','HK','Central and Western District','Central','14.0.231.139','2020-01-05 19:04:22',NULL),(3117,'Taiwan','TW','','','180.204.251.168','2020-01-05 19:31:58',NULL),(3118,'Taiwan','TW','Hsinchu','Hsinchu','49.219.186.54','2020-01-06 09:32:45',NULL),(3119,'Taiwan','TW','Kaohsiung','Kaohsiung City','39.10.32.61','2020-01-06 14:32:26',NULL),(3120,'Taiwan','TW','Kaohsiung','Kaohsiung City','39.10.32.61','2020-01-06 15:24:22',NULL),(3121,'Taiwan','TW','Kaohsiung','Kaohsiung City','39.10.32.61','2020-01-06 15:27:16',NULL),(3122,'Taiwan','TW','Kaohsiung','Kaohsiung City','39.10.32.61','2020-01-06 15:27:49',NULL),(3123,'Taiwan','TW','Kaohsiung','Kaohsiung City','39.10.32.61','2020-01-06 15:28:41',NULL),(3124,'Taiwan','TW','Kaohsiung','Kaohsiung City','39.8.137.202','2020-01-06 19:52:58',NULL),(3125,'Taiwan','TW','Kaohsiung','Kaohsiung City','39.8.137.202','2020-01-06 19:53:25',NULL),(3126,'Taiwan','TW','Kaohsiung','Kaohsiung City','39.8.137.202','2020-01-06 19:53:29',NULL),(3127,'Taiwan','TW','Kaohsiung','Kaohsiung City','39.8.137.202','2020-01-06 19:55:07',NULL),(3128,'Taiwan','TW','Kaohsiung','Kaohsiung City','39.8.137.202','2020-01-06 20:03:40',NULL),(3129,'Taiwan','TW','Kaohsiung','Kaohsiung City','39.8.137.202','2020-01-06 20:12:06',NULL),(3130,'Taiwan','TW','Kaohsiung','Kaohsiung City','39.8.137.202','2020-01-06 20:12:15',NULL),(3131,'Taiwan','TW','Kaohsiung','Kaohsiung City','39.8.137.202','2020-01-06 20:12:21',NULL),(3132,'Taiwan','TW','Kaohsiung','Kaohsiung City','39.8.137.202','2020-01-06 20:13:49',NULL),(3133,'Taiwan','TW','Kaohsiung','Kaohsiung City','39.8.137.202','2020-01-06 20:18:50',NULL),(3134,'United States','US','New Jersey','Clifton','159.203.167.118','2020-01-07 07:31:49',NULL),(3135,'United States','US','','','167.71.241.216','2020-01-07 07:44:50',NULL),(3136,'Hong Kong','HK','Central and Western District','Central','45.64.240.51','2020-01-07 23:41:17',NULL),(3137,'Hong Kong','HK','Central and Western District','Central','45.64.240.51','2020-01-08 07:59:12',NULL),(3138,'Hong Kong','HK','Central and Western District','Central','45.64.240.51','2020-01-08 08:05:26',NULL),(3139,'Hong Kong','HK','Central and Western District','Central','45.64.240.51','2020-01-08 10:23:51',NULL),(3140,'Indonesia','ID','East Java','Malang','36.85.55.31','2020-01-08 14:35:23',NULL),(3141,'Hong Kong','HK','Central and Western District','Central','45.64.240.51','2020-01-08 16:19:36',NULL),(3142,'Taiwan','TW','','','49.214.249.143','2020-01-08 16:37:13',NULL),(3143,'Taiwan','TW','','','49.214.249.143','2020-01-08 16:39:22',NULL),(3144,'Indonesia','ID','East Java','Malang','36.85.55.31','2020-01-09 14:21:26',NULL),(3145,'Indonesia','ID','East Java','Malang','36.85.55.31','2020-01-09 14:22:45',NULL),(3146,'Indonesia','ID','East Java','Malang','36.85.55.31','2020-01-09 14:23:35',NULL),(3147,'Indonesia','ID','East Java','Surabaya','114.125.86.209','2020-01-10 05:28:18',NULL),(3148,'Indonesia','ID','East Java','Madiun','182.253.188.147','2020-01-10 07:53:05',NULL),(3149,'Indonesia','ID','East Java','Madiun','182.253.188.147','2020-01-10 07:57:48',NULL),(3150,'Indonesia','ID','East Java','Madiun','182.253.188.147','2020-01-10 08:04:57',NULL),(3151,'Indonesia','ID','East Java','Malang','36.85.55.31','2020-01-10 10:50:21',NULL),(3152,'Indonesia','ID','East Java','Malang','36.85.55.31','2020-01-10 10:51:18',NULL),(3153,'Hong Kong','HK','Central and Western District','Central','182.239.115.81','2020-01-10 15:14:18',NULL),(3154,'Hong Kong','HK','Central and Western District','Central','182.239.115.81','2020-01-10 15:15:16',NULL),(3155,'Hong Kong','HK','Central and Western District','Central','182.239.115.81','2020-01-10 15:16:00',NULL),(3156,'Hong Kong','HK','Central and Western District','Central','182.239.115.81','2020-01-10 15:19:14',NULL),(3157,'United States','US','Texas','Austin','104.132.115.75','2020-01-11 00:56:02',NULL),(3158,'United States','US','Texas','Austin','104.132.115.99','2020-01-11 00:57:14',NULL),(3159,'Malaysia','MY','','','104.132.115.99','2020-01-11 00:59:27',NULL),(3160,'Malaysia','MY','','','104.132.115.75','2020-01-11 01:00:44',NULL),(3161,'United States','US','Texas','Austin','104.132.115.99','2020-01-11 01:09:29',NULL),(3162,'United States','US','Texas','Austin','104.132.115.99','2020-01-11 01:09:30',NULL),(3163,'Taiwan','TW','Tainan','Tainan City','39.8.12.144','2020-01-11 23:25:32',NULL),(3164,'Indonesia','ID','East Java','Surabaya','202.67.40.10','2020-01-12 09:33:27',NULL),(3165,'Indonesia','ID','East Java','Surabaya','182.1.85.118','2020-01-12 20:29:39',NULL),(3166,'Taiwan','TW','Taipei City','Taipei','39.8.194.244','2020-01-12 20:39:46',NULL),(3167,'Taiwan','TW','Taipei City','Taipei','39.8.194.244','2020-01-12 20:39:48',NULL),(3168,'Indonesia','ID','East Java','Madiun','182.253.188.147','2020-01-13 09:20:42',NULL),(3169,'Indonesia','ID','East Java','Malang','125.166.118.187','2020-01-13 09:21:50',NULL),(3170,'Indonesia','ID','East Java','Madiun','182.253.188.147','2020-01-13 09:56:06',NULL),(3171,'Indonesia','ID','East Java','Malang','125.166.118.187','2020-01-13 14:47:41',NULL),(3172,'Indonesia','ID','East Java','Madiun','182.253.188.147','2020-01-15 10:12:59',NULL),(3173,'United States','US','','','38.145.86.63','2020-01-15 11:51:09',NULL),(3174,'Indonesia','ID','East Java','Malang','125.166.118.187','2020-01-15 14:31:52',NULL),(3175,'Indonesia','ID','East Java','Malang','125.166.118.187','2020-01-15 14:45:19',NULL),(3176,'Ireland','IE','Leinster','Dublin','54.77.166.40','2020-01-16 05:11:47',NULL),(3177,'Indonesia','ID','East Java','Malang','36.85.58.125','2020-01-16 15:15:17',NULL),(3178,'United States','US','California','San Jose','104.133.10.69','2020-01-16 15:40:17',NULL),(3179,'United States','US','New York','Rochester','23.92.221.19','2020-01-17 07:39:39',NULL),(3180,'Indonesia','ID','East Java','Surabaya','116.206.40.19','2020-01-17 14:47:52',NULL),(3181,'United States','US','','','66.249.65.156','2020-01-17 15:58:10',NULL),(3182,'Hong Kong','HK','Central and Western District','Central','14.0.153.161','2020-01-17 18:01:27',NULL),(3183,'Hong Kong','HK','Central and Western District','Central','14.0.153.161','2020-01-17 18:01:45',NULL),(3184,'Hong Kong','HK','Central and Western District','Central','14.0.153.161','2020-01-17 18:01:45',NULL),(3185,'Hong Kong','HK','Central and Western District','Central','14.0.153.161','2020-01-17 18:01:46',NULL),(3186,'Hong Kong','HK','Central and Western District','Central','14.0.153.161','2020-01-17 18:01:49',NULL),(3187,'Hong Kong','HK','Central and Western District','Central','14.0.153.161','2020-01-17 18:01:57',NULL),(3188,'United States','US','','','66.249.65.158','2020-01-18 04:12:03',NULL),(3189,'Japan','JP','Tokyo','Tokyo','13.230.41.55','2020-01-18 14:11:58',NULL),(3190,'Japan','JP','Tokyo','Tokyo','13.230.41.55','2020-01-18 14:11:59',NULL),(3191,'Indonesia','ID','East Java','Surabaya','182.1.70.200','2020-01-19 08:19:56',NULL),(3192,'Taiwan','TW','','','49.216.14.61','2020-01-19 19:02:52',NULL),(3193,'Taiwan','TW','Taichung City','Taichung','110.28.198.127','2020-01-19 22:26:53',NULL),(3194,'Indonesia','ID','East Java','Surabaya','182.1.116.164','2020-01-20 08:30:05',NULL),(3195,'Indonesia','ID','East Java','Surabaya','182.1.116.164','2020-01-20 08:30:06',NULL),(3196,'Indonesia','ID','East Java','Surabaya','182.1.116.164','2020-01-20 08:30:14',NULL),(3197,'Taiwan','TW','Taipei City','Taipei','101.14.185.108','2020-01-20 11:21:36',NULL),(3198,'United States','US','','','66.249.65.156','2020-01-20 15:59:01',NULL),(3199,'France','FR','Loire','La Ricamarie','195.154.62.232','2020-01-20 23:37:40',NULL),(3200,'France','FR','Rhône','Villeurbanne','62.210.5.253','2020-01-21 00:18:41',NULL),(3201,'United States','US','','','66.249.65.158','2020-01-21 04:12:07',NULL),(3202,'Taiwan','TW','Taipei City','Taipei','180.217.171.209','2020-01-21 07:22:08',NULL),(3203,'Taiwan','TW','','','49.214.249.213','2020-01-23 09:30:49',NULL),(3204,'United States','US','','','66.249.65.157','2020-01-23 15:59:05',NULL),(3205,'United States','US','','','66.249.65.156','2020-01-24 04:12:15',NULL),(3206,'Canada','CA','Ontario','Ottawa','66.220.149.31','2020-01-24 14:53:06',NULL),(3207,'Canada','CA','Ontario','Ottawa','66.220.149.10','2020-01-24 14:53:06',NULL),(3208,'United States','US','','','173.252.87.38','2020-01-24 14:53:06',NULL),(3209,'United States','US','','','173.252.127.9','2020-01-24 14:53:07',NULL),(3210,'United States','US','Colorado','Denver','181.215.217.185','2020-01-25 12:52:20',NULL),(3211,'United States','US','','','66.249.65.156','2020-01-26 15:59:46',NULL),(3212,'United States','US','','','66.249.65.157','2020-01-27 04:12:19',NULL),(3213,'Taiwan','TW','Taipei City','Taipei','110.28.232.41','2020-01-27 04:43:29',NULL),(3214,'Taiwan','TW','Taipei City','Taipei','110.28.232.41','2020-01-27 04:45:02',NULL),(3215,'Taiwan','TW','Taipei City','Taipei','110.28.232.41','2020-01-27 04:45:32',NULL),(3216,'Taiwan','TW','Taipei City','Taipei','110.28.232.41','2020-01-27 04:45:48',NULL),(3217,'Taiwan','TW','Taipei City','Taipei','110.28.232.41','2020-01-27 04:46:33',NULL),(3218,'Taiwan','TW','Taipei City','Taipei','110.28.67.210','2020-01-27 15:14:10',NULL),(3219,'Canada','CA','Quebec','Montreal','158.69.225.37','2020-01-27 19:32:44',NULL),(3220,'Canada','CA','Quebec','Montreal','158.69.225.37','2020-01-27 19:32:51',NULL),(3221,'Canada','CA','Quebec','Montreal','158.69.225.37','2020-01-27 19:33:21',NULL),(3222,'France','FR','','','51.77.246.76','2020-01-28 03:07:29',NULL),(3223,'Taiwan','TW','Taichung City','Taichung','42.76.132.212','2020-01-28 19:37:28',NULL),(3224,'Taiwan','TW','','','49.215.184.151','2020-01-28 20:15:01',NULL),(3225,'United States','US','Virginia','','104.197.79.99','2020-01-29 12:31:00',NULL),(3226,'United States','US','Virginia','','104.197.79.99','2020-01-29 12:31:15',NULL),(3227,'Indonesia','ID','East Java','Malang','180.245.157.219','2020-01-29 13:27:20',NULL),(3228,'United States','US','','','66.249.65.156','2020-01-29 15:59:49',NULL),(3229,'United States','US','','','66.249.65.158','2020-01-30 04:12:24',NULL),(3230,'United States','US','','','66.249.65.157','2020-02-01 15:59:54',NULL),(3231,'Taiwan','TW','Tainan','Tainan City','110.26.70.92','2020-02-02 15:48:30',NULL),(3232,'United States','US','','','157.245.119.246','2020-02-03 16:02:22',NULL),(3233,'United Kingdom','GB','','','167.172.233.191','2020-02-03 17:15:41',NULL),(3234,'United States','US','','','66.249.65.158','2020-02-04 16:03:05',NULL),(3235,'United States','US','California','San Jose','54.219.168.3','2020-02-05 04:34:25',NULL),(3236,'Indonesia','ID','West Java','Bandung','125.163.127.61','2020-02-05 12:08:21',NULL),(3237,'Indonesia','ID','East Java','Surabaya','115.178.238.225','2020-02-09 20:23:03',NULL),(3238,'United States','US','','','66.249.73.169','2020-02-10 16:45:59',NULL),(3239,'United States','US','','','66.249.73.167','2020-02-10 16:49:16',NULL),(3240,'United States','US','','','66.249.73.167','2020-02-10 16:59:47',NULL),(3241,'United States','US','','','66.249.73.167','2020-02-10 17:09:37',NULL),(3242,'United States','US','','','66.249.73.169','2020-02-10 17:16:37',NULL),(3243,'France','FR','North','Roubaix','167.114.250.111','2020-02-11 06:48:34',NULL),(3244,'Indonesia','ID','Jakarta','Jakarta','114.124.165.53','2020-02-11 09:09:10',NULL),(3245,'Taiwan','TW','Taipei City','Taipei','110.50.152.9','2020-02-11 19:52:13',NULL),(3246,'Canada','CA','Quebec','Montreal','167.114.172.224','2020-02-12 02:01:23',NULL),(3247,'Canada','CA','Quebec','Montreal','167.114.172.224','2020-02-12 02:01:30',NULL),(3248,'Canada','CA','Quebec','Montreal','167.114.172.224','2020-02-12 02:02:00',NULL),(3249,'France','FR','','','51.77.246.67','2020-02-12 02:02:46',NULL),(3250,'Germany','DE','Hesse','Frankfurt am Main','185.220.70.168','2020-02-13 00:34:09',NULL),(3251,'Taiwan','TW','Taipei City','Taipei','49.214.186.220','2020-02-13 14:10:59',NULL),(3252,'United States','US','','','209.17.96.154','2020-02-15 00:13:47',NULL),(3253,'United States','US','','','209.17.97.106','2020-02-15 00:46:22',NULL),(3254,'United States','US','','','209.17.97.42','2020-02-18 07:31:29',NULL),(3255,'United States','US','','','38.145.95.156','2020-02-18 09:31:24',NULL),(3256,'United States','US','','','209.17.97.50','2020-02-18 20:35:14',NULL),(3257,'Taiwan','TW','','','117.19.185.122','2020-02-19 05:06:14',NULL),(3258,'Taiwan','TW','Taichung City','Taichung','101.10.79.113','2020-02-19 07:13:28',NULL),(3259,'Taiwan','TW','Taichung City','Taichung','101.10.79.113','2020-02-19 07:38:58',NULL),(3260,'France','FR','Paris','Paris','51.158.118.213','2020-02-19 08:11:38',NULL),(3261,'Taiwan','TW','Taichung City','Taichung','101.10.79.113','2020-02-19 08:17:40',NULL),(3262,'Indonesia','ID','East Java','Malang','125.166.117.57','2020-02-19 10:14:09',NULL),(3263,'France','FR','Loire','La Ricamarie','195.154.63.222','2020-02-19 12:10:47',NULL),(3264,'France','FR','Loire','La Ricamarie','195.154.62.232','2020-02-19 13:22:12',NULL),(3265,'United States','US','','','66.249.73.171','2020-02-20 05:05:02',NULL),(3266,'Taiwan','TW','Yunlin','','42.76.45.205','2020-02-20 06:34:48',NULL),(3267,'Taiwan','TW','','','49.216.207.68','2020-02-20 14:51:41',NULL),(3268,'France','FR','','','51.255.109.175','2020-02-21 03:03:34',NULL),(3269,'France','FR','','','51.255.109.175','2020-02-21 03:49:41',NULL),(3270,'United States','US','','','209.17.97.122','2020-02-21 23:26:45',NULL),(3271,'Indonesia','ID','East Java','Malang','125.166.117.57','2020-02-22 09:02:30',NULL),(3272,'Taiwan','TW','Taipei City','Taipei','110.26.193.240','2020-02-22 09:51:12',NULL),(3273,'Taiwan','TW','Taipei City','Taipei','110.26.193.240','2020-02-22 09:51:13',NULL),(3274,'Indonesia','ID','Jakarta','Jakarta','114.124.169.60','2020-02-22 11:17:48',NULL),(3275,'Taiwan','TW','Taipei City','Taipei','110.26.193.240','2020-02-23 18:34:45',NULL),(3276,'Taiwan','TW','Taipei City','Taipei','49.214.186.10','2020-02-24 19:15:58',NULL),(3277,'United States','US','','','209.17.96.18','2020-02-25 19:59:28',NULL),(3278,'United States','US','Oregon','Boardman','54.202.42.201','2020-02-26 01:27:13',NULL),(3279,'Taiwan','TW','Taipei City','Taipei','223.136.33.83','2020-02-26 09:49:11',NULL),(3280,'Taiwan','TW','Taipei City','Taipei','223.136.33.83','2020-02-26 09:51:09',NULL),(3281,'Taiwan','TW','Taipei City','Taipei','1.200.204.38','2020-02-26 10:52:36',NULL),(3282,'Taiwan','TW','','','101.13.248.140','2020-02-26 12:39:43',NULL),(3283,'United States','US','','','209.17.97.106','2020-02-26 12:52:49',NULL),(3284,'Taiwan','TW','Tainan','Tong\'anliao','180.217.253.118','2020-02-27 09:00:41',NULL),(3285,'Taiwan','TW','Tainan','Tong\'anliao','180.217.253.118','2020-02-27 09:05:56',NULL),(3286,'Taiwan','TW','Tainan','Tong\'anliao','180.217.253.118','2020-02-27 09:13:14',NULL),(3287,'Taiwan','TW','Tainan','Tong\'anliao','180.217.253.118','2020-02-27 12:57:49',NULL),(3288,'Taiwan','TW','Tainan','Tong\'anliao','180.217.253.118','2020-02-27 13:00:49',NULL),(3289,'Taiwan','TW','Tainan','Tong\'anliao','180.217.253.118','2020-02-27 14:02:36',NULL),(3290,'Taiwan','TW','Tainan','Tong\'anliao','180.217.253.118','2020-02-27 14:04:19',NULL),(3291,'Taiwan','TW','Tainan','Tong\'anliao','180.217.253.118','2020-02-27 14:20:24',NULL),(3292,'Taiwan','TW','Taipei City','Taipei','223.136.33.83','2020-02-27 14:34:13',NULL),(3293,'Indonesia','ID','Jakarta','Jakarta','103.119.140.185','2020-02-27 15:23:23',NULL),(3294,'Indonesia','ID','Jakarta','Jakarta','103.119.140.185','2020-02-27 15:24:39',NULL),(3295,'Taiwan','TW','Tainan','Tong\'anliao','180.217.253.118','2020-02-27 15:52:45',NULL),(3296,'Taiwan','TW','Tainan','Tong\'anliao','180.217.253.118','2020-02-27 15:56:00',NULL),(3297,'Taiwan','TW','Tainan','Tong\'anliao','180.217.253.118','2020-02-27 20:00:14',NULL),(3298,'Taiwan','TW','Tainan','Tong\'anliao','180.217.253.118','2020-02-27 20:00:15',NULL),(3299,'Ireland','IE','Leinster','Dublin','52.17.92.193','2020-02-28 08:10:40',NULL),(3300,'Taiwan','TW','Tainan','Tong\'anliao','180.217.253.118','2020-02-28 08:30:45',NULL),(3301,'Taiwan','TW','Tainan','Tong\'anliao','180.217.253.118','2020-02-28 08:30:46',NULL),(3302,'Taiwan','TW','Tainan','Tong\'anliao','180.217.253.118','2020-02-28 08:30:49',NULL),(3303,'Taiwan','TW','Tainan','Tong\'anliao','180.217.253.118','2020-02-28 08:31:49',NULL),(3304,'Taiwan','TW','Tainan','Tong\'anliao','180.217.253.118','2020-02-28 08:38:57',NULL),(3305,'United States','US','','','209.17.96.114','2020-02-28 13:18:49',NULL),(3306,'Taiwan','TW','Tainan','Tainan City','180.217.218.171','2020-02-28 15:40:06',NULL),(3307,'Indonesia','ID','East Java','Surabaya','36.85.70.58','2020-02-29 12:27:54',NULL),(3308,'Indonesia','ID','East Java','Surabaya','36.85.70.58','2020-02-29 12:28:12',NULL),(3309,'Taiwan','TW','Tainan','Tainan City','180.217.218.171','2020-03-01 08:48:51',NULL),(3310,'United States','US','','','209.17.97.50','2020-03-03 08:20:31',NULL),(3311,'Indonesia','ID','Jakarta','Jakarta','103.119.140.172','2020-03-03 09:35:33',NULL),(3312,'United States','US','','','209.17.96.98','2020-03-03 11:44:57',NULL),(3313,'Taiwan','TW','Taipei City','Taipei','39.12.94.84','2020-03-03 13:00:05',NULL),(3314,'Taiwan','TW','Taipei City','Taipei','39.12.94.84','2020-03-03 13:03:31',NULL),(3315,'Taiwan','TW','Taipei City','Taipei','39.12.94.84','2020-03-03 13:04:23',NULL),(3316,'Taiwan','TW','Taipei City','Taipei','39.12.94.84','2020-03-03 13:06:51',NULL),(3317,'Taiwan','TW','Taoyuan','Taoyuan District','110.28.30.13','2020-03-03 22:51:27',NULL),(3318,'Taiwan','TW','Taipei City','Taipei','180.217.104.34','2020-03-04 22:25:06',NULL),(3319,'Russia','RU','','','109.120.166.79','2020-03-05 01:51:12',NULL),(3320,'United States','US','','','134.209.32.53','2020-03-05 07:44:26',NULL),(3321,'United Kingdom','GB','','','167.172.252.31','2020-03-05 07:55:20',NULL),(3322,'Ireland','IE','Leinster','Dublin','54.194.161.20','2020-03-06 01:27:19',NULL),(3323,'United States','US','','','209.17.96.170','2020-03-06 04:54:48',NULL),(3324,'United States','US','','','209.17.96.146','2020-03-07 15:24:58',NULL),(3325,'Taiwan','TW','Taoyuan','Taoyuan District','110.28.30.13','2020-03-07 22:44:52',NULL),(3326,'United States','US','Virginia','Ashburn','100.26.138.19','2020-03-11 10:51:23',NULL),(3327,'United States','US','Virginia','Ashburn','100.26.138.19','2020-03-11 10:51:51',NULL),(3328,'United States','US','','','209.17.97.50','2020-03-12 02:02:04',NULL),(3329,'Romania','RO','Bucuresti','Bucharest','194.36.188.199','2020-03-12 19:41:57',NULL),(3330,'Indonesia','ID','Jakarta','Jakarta','103.119.141.25','2020-03-13 17:30:16',NULL),(3331,'United States','US','','','209.17.96.122','2020-03-14 16:04:18',NULL),(3332,'United States','US','','','199.244.88.131','2020-03-15 22:15:22',NULL),(3333,'Taiwan','TW','Taipei City','Taipei','1.200.222.253','2020-03-16 20:25:18',NULL),(3334,'United States','US','','','216.151.20.198','2020-03-18 03:03:41',NULL),(3335,'Indonesia','ID','Jakarta','Jakarta','103.119.140.132','2020-03-20 11:20:45',NULL);
/*!40000 ALTER TABLE `s_website_view` ENABLE KEYS */;
UNLOCK TABLES;

--
-- Table structure for table `t_order_cicilan`
--

DROP TABLE IF EXISTS `t_order_cicilan`;
/*!40101 SET @saved_cs_client     = @@character_set_client */;
/*!50503 SET character_set_client = utf8mb4 */;
CREATE TABLE `t_order_cicilan` (
  `id_order_cicilan` int(10) NOT NULL AUTO_INCREMENT,
  `id_orders` int(10) DEFAULT NULL,
  `id_members` int(10) DEFAULT NULL,
  `pembayaran_metode` varchar(100) DEFAULT NULL,
  `id_order_generate` int(10) DEFAULT NULL,
  `pembayaran_keterangan` varchar(255) DEFAULT NULL,
  `created_at` datetime DEFAULT NULL,
  `updated_at` datetime DEFAULT NULL,
  PRIMARY KEY (`id_order_cicilan`)
) ENGINE=InnoDB DEFAULT CHARSET=latin1;
/*!40101 SET character_set_client = @saved_cs_client */;

--
-- Dumping data for table `t_order_cicilan`
--

LOCK TABLES `t_order_cicilan` WRITE;
/*!40000 ALTER TABLE `t_order_cicilan` DISABLE KEYS */;
/*!40000 ALTER TABLE `t_order_cicilan` ENABLE KEYS */;
UNLOCK TABLES;

--
-- Table structure for table `t_order_generate`
--

DROP TABLE IF EXISTS `t_order_generate`;
/*!40101 SET @saved_cs_client     = @@character_set_client */;
/*!50503 SET character_set_client = utf8mb4 */;
CREATE TABLE `t_order_generate` (
  `id_order_generate` int(10) NOT NULL AUTO_INCREMENT,
  `og_order_no` varchar(100) DEFAULT NULL,
  `og_amount` varchar(100) DEFAULT NULL,
  `og_status` varchar(100) DEFAULT NULL,
  `og_checksum` varchar(255) DEFAULT NULL,
  `og_generate_file` varchar(255) DEFAULT NULL,
  `og_generate_url` text,
  `created_at` datetime DEFAULT NULL,
  `updated_at` datetime DEFAULT NULL,
  PRIMARY KEY (`id_order_generate`)
) ENGINE=InnoDB DEFAULT CHARSET=latin1;
/*!40101 SET character_set_client = @saved_cs_client */;

--
-- Dumping data for table `t_order_generate`
--

LOCK TABLES `t_order_generate` WRITE;
/*!40000 ALTER TABLE `t_order_generate` DISABLE KEYS */;
/*!40000 ALTER TABLE `t_order_generate` ENABLE KEYS */;
UNLOCK TABLES;

--
-- Table structure for table `t_order_items`
--

DROP TABLE IF EXISTS `t_order_items`;
/*!40101 SET @saved_cs_client     = @@character_set_client */;
/*!50503 SET character_set_client = utf8mb4 */;
CREATE TABLE `t_order_items` (
  `id_order_items` int(10) NOT NULL AUTO_INCREMENT,
  `id_orders` int(10) NOT NULL,
  `oi_nama` varchar(100) DEFAULT NULL,
  `oi_merk` varchar(100) DEFAULT NULL,
  `oi_type` varchar(100) DEFAULT NULL,
  `oi_warna` varchar(100) DEFAULT NULL,
  `oi_unit` varchar(100) DEFAULT NULL,
  `oi_uang_muka` varchar(100) DEFAULT NULL,
  `oi_cicilan` varchar(100) DEFAULT NULL,
  `oi_tempo` varchar(100) DEFAULT NULL,
  `oi_total` varchar(100) DEFAULT NULL,
  `created_at` datetime DEFAULT NULL,
  `updated_at` datetime DEFAULT NULL,
  PRIMARY KEY (`id_order_items`)
) ENGINE=InnoDB AUTO_INCREMENT=5 DEFAULT CHARSET=latin1;
/*!40101 SET character_set_client = @saved_cs_client */;

--
-- Dumping data for table `t_order_items`
--

LOCK TABLES `t_order_items` WRITE;
/*!40000 ALTER TABLE `t_order_items` DISABLE KEYS */;
INSERT INTO `t_order_items` VALUES (2,1,'HP','OPPO','AX5S(3/64)','Hitam','1','','2300','3',NULL,'2019-11-04 14:04:31',NULL),(4,2,'Hp','Xiaomi ','Note 7 (3/32GB) ','Merah','1','','1200','6',NULL,'2019-11-06 14:03:31',NULL);
/*!40000 ALTER TABLE `t_order_items` ENABLE KEYS */;
UNLOCK TABLES;

--
-- Table structure for table `t_order_receiver`
--

DROP TABLE IF EXISTS `t_order_receiver`;
/*!40101 SET @saved_cs_client     = @@character_set_client */;
/*!50503 SET character_set_client = utf8mb4 */;
CREATE TABLE `t_order_receiver` (
  `id_order_receiver` int(10) NOT NULL AUTO_INCREMENT,
  `or_nama` varchar(100) DEFAULT NULL,
  `or_no_id` varchar(100) DEFAULT NULL,
  `or_hubungan` varchar(100) DEFAULT NULL,
  `or_alamat_negara` varchar(100) DEFAULT NULL,
  `or_alamat_detail` text,
  `or_hp` varchar(100) DEFAULT NULL,
  `or_hp_keluarga` varchar(100) DEFAULT NULL,
  `created_at` datetime DEFAULT NULL,
  `updated_at` datetime DEFAULT NULL,
  PRIMARY KEY (`id_order_receiver`)
) ENGINE=InnoDB AUTO_INCREMENT=3 DEFAULT CHARSET=latin1;
/*!40101 SET character_set_client = @saved_cs_client */;

--
-- Dumping data for table `t_order_receiver`
--

LOCK TABLES `t_order_receiver` WRITE;
/*!40000 ALTER TABLE `t_order_receiver` DISABLE KEYS */;
INSERT INTO `t_order_receiver` VALUES (1,'Cici Dianti','ID30033498','Sendiri','Taiwan','Taiwan daerah Chianyi Seh Nomor 315 \r\n(Sudah ada foto plat nomor majikan)','+886908546880','085236142210','2019-11-04 10:37:30','2019-11-04 14:04:31'),(2,'Sri purwanti','1807154806610005','Orang Tua','Indo','Dusun VII sri menanti \r\nRT007/RW003\r\nKel. Srimenanti\r\nKec. Bandar sribhawono \r\nLampung timur','0895378311511','','2019-11-06 10:03:00','2019-11-06 14:03:31');
/*!40000 ALTER TABLE `t_order_receiver` ENABLE KEYS */;
UNLOCK TABLES;

--
-- Table structure for table `t_order_sign`
--

DROP TABLE IF EXISTS `t_order_sign`;
/*!40101 SET @saved_cs_client     = @@character_set_client */;
/*!50503 SET character_set_client = utf8mb4 */;
CREATE TABLE `t_order_sign` (
  `id_order_sign` int(10) NOT NULL AUTO_INCREMENT,
  `id_user_member` int(10) DEFAULT NULL,
  `file_sign_member` varchar(255) DEFAULT NULL,
  `id_user_marketing` int(10) DEFAULT NULL,
  `file_sign_marketing` varchar(255) DEFAULT NULL,
  `id_user_manager` int(10) DEFAULT NULL,
  `file_sign_manager` varchar(255) DEFAULT NULL,
  `created_at` datetime DEFAULT NULL,
  `updated_at` datetime DEFAULT NULL,
  PRIMARY KEY (`id_order_sign`)
) ENGINE=InnoDB DEFAULT CHARSET=latin1;
/*!40101 SET character_set_client = @saved_cs_client */;

--
-- Dumping data for table `t_order_sign`
--

LOCK TABLES `t_order_sign` WRITE;
/*!40000 ALTER TABLE `t_order_sign` DISABLE KEYS */;
/*!40000 ALTER TABLE `t_order_sign` ENABLE KEYS */;
UNLOCK TABLES;

--
-- Table structure for table `t_order_tng`
--

DROP TABLE IF EXISTS `t_order_tng`;
/*!40101 SET @saved_cs_client     = @@character_set_client */;
/*!50503 SET character_set_client = utf8mb4 */;
CREATE TABLE `t_order_tng` (
  `id_order_tng` int(10) NOT NULL AUTO_INCREMENT,
  `order_no` varchar(255) DEFAULT NULL,
  `ksm_no_id` varchar(255) DEFAULT NULL,
  `ksm_nama` varchar(255) DEFAULT NULL,
  `ksm_photo_id` varchar(255) DEFAULT NULL,
  `ksm_keterangan` text,
  `tng_tx_no` varchar(255) DEFAULT NULL,
  `tng_amount` varchar(255) DEFAULT NULL,
  `tng_qrcode_photo` varchar(255) DEFAULT NULL,
  `tng_qrcode_url` text,
  `tng_status` varchar(50) DEFAULT NULL,
  `id_users` int(10) DEFAULT NULL,
  `created_at` datetime DEFAULT NULL,
  `updated_at` datetime DEFAULT NULL,
  PRIMARY KEY (`id_order_tng`)
) ENGINE=InnoDB DEFAULT CHARSET=latin1;
/*!40101 SET character_set_client = @saved_cs_client */;

--
-- Dumping data for table `t_order_tng`
--

LOCK TABLES `t_order_tng` WRITE;
/*!40000 ALTER TABLE `t_order_tng` DISABLE KEYS */;
/*!40000 ALTER TABLE `t_order_tng` ENABLE KEYS */;
UNLOCK TABLES;

--
-- Table structure for table `t_orders`
--

DROP TABLE IF EXISTS `t_orders`;
/*!40101 SET @saved_cs_client     = @@character_set_client */;
/*!50503 SET character_set_client = utf8mb4 */;
CREATE TABLE `t_orders` (
  `id_orders` int(10) NOT NULL AUTO_INCREMENT,
  `no_order` varchar(100) DEFAULT NULL,
  `no_order_generate` varchar(100) DEFAULT NULL,
  `id_order_status` int(10) DEFAULT NULL,
  `id_members` int(10) DEFAULT NULL,
  `id_order_receiver` int(10) DEFAULT NULL,
  `id_order_sign` int(10) DEFAULT NULL,
  `id_order_generate` int(10) DEFAULT NULL,
  `id_user_marketing` int(10) DEFAULT NULL,
  `biaya_order` varchar(100) DEFAULT NULL,
  `order_cicilan_total` varchar(100) DEFAULT NULL,
  `order_tempo` varchar(100) DEFAULT NULL,
  `created_at` datetime DEFAULT NULL,
  `updated_at` datetime DEFAULT NULL,
  PRIMARY KEY (`id_orders`)
) ENGINE=InnoDB AUTO_INCREMENT=3 DEFAULT CHARSET=latin1;
/*!40101 SET character_set_client = @saved_cs_client */;

--
-- Dumping data for table `t_orders`
--

LOCK TABLES `t_orders` WRITE;
/*!40000 ALTER TABLE `t_orders` DISABLE KEYS */;
INSERT INTO `t_orders` VALUES (1,'TW191104103730','64c00bdb1bd7bcdc61adf05394b233d0',1,1,1,NULL,NULL,7,'','2300','3','2019-11-04 10:37:30',NULL),(2,'TW191106100300','985967e1daf99d0014ad30b2f3dd1ee9',1,2,2,NULL,NULL,15,'','1200','6','2019-11-06 10:03:00',NULL);
/*!40000 ALTER TABLE `t_orders` ENABLE KEYS */;
UNLOCK TABLES;

--
-- Table structure for table `t_ref_order_status`
--

DROP TABLE IF EXISTS `t_ref_order_status`;
/*!40101 SET @saved_cs_client     = @@character_set_client */;
/*!50503 SET character_set_client = utf8mb4 */;
CREATE TABLE `t_ref_order_status` (
  `id_order_status` int(10) NOT NULL AUTO_INCREMENT,
  `os_name` varchar(100) DEFAULT NULL,
  `created_at` datetime DEFAULT NULL,
  `updated_at` datetime DEFAULT NULL,
  PRIMARY KEY (`id_order_status`)
) ENGINE=InnoDB AUTO_INCREMENT=8 DEFAULT CHARSET=latin1;
/*!40101 SET character_set_client = @saved_cs_client */;

--
-- Dumping data for table `t_ref_order_status`
--

LOCK TABLES `t_ref_order_status` WRITE;
/*!40000 ALTER TABLE `t_ref_order_status` DISABLE KEYS */;
INSERT INTO `t_ref_order_status` VALUES (1,'Menunggu persetujuan konsumen',NULL,NULL),(2,'Menunggu persetujuan marketing',NULL,NULL),(3,'Menunggu persetujuan manager',NULL,NULL),(4,'Proses pembayaran',NULL,NULL),(5,'Proses Cicilan',NULL,NULL),(6,'Lunas',NULL,NULL),(7,'Order dibatalkan',NULL,NULL);
/*!40000 ALTER TABLE `t_ref_order_status` ENABLE KEYS */;
UNLOCK TABLES;

--
-- Table structure for table `u_contact_official`
--

DROP TABLE IF EXISTS `u_contact_official`;
/*!40101 SET @saved_cs_client     = @@character_set_client */;
/*!50503 SET character_set_client = utf8mb4 */;
CREATE TABLE `u_contact_official` (
  `id_contact_official` int(10) NOT NULL AUTO_INCREMENT,
  `contact_person` varchar(100) DEFAULT NULL,
  `email` varchar(100) DEFAULT NULL,
  `address` text,
  `country_name` varchar(100) DEFAULT NULL,
  `country_code` varchar(100) DEFAULT NULL,
  `country_kurs` varchar(100) DEFAULT NULL,
  `country_denda` varchar(100) DEFAULT NULL,
  `created_at` datetime DEFAULT NULL,
  `updated_at` datetime DEFAULT NULL,
  PRIMARY KEY (`id_contact_official`)
) ENGINE=InnoDB AUTO_INCREMENT=2 DEFAULT CHARSET=latin1;
/*!40101 SET character_set_client = @saved_cs_client */;

--
-- Dumping data for table `u_contact_official`
--

LOCK TABLES `u_contact_official` WRITE;
/*!40000 ALTER TABLE `u_contact_official` DISABLE KEYS */;
INSERT INTO `u_contact_official` VALUES (1,'85257039400','info@arafah.tw','No. 1 Great George Street, Island Centre Building, Lantai 12, Unit 5, <br> Causeway Bay - Hongkong <br><b>(Depan Sogo, Exit E MTR Causeway Bay)</b>','Taiwan','tw','NTD','500',NULL,NULL);
/*!40000 ALTER TABLE `u_contact_official` ENABLE KEYS */;
UNLOCK TABLES;

--
-- Table structure for table `u_members`
--

DROP TABLE IF EXISTS `u_members`;
/*!40101 SET @saved_cs_client     = @@character_set_client */;
/*!50503 SET character_set_client = utf8mb4 */;
CREATE TABLE `u_members` (
  `id_members` int(10) NOT NULL AUTO_INCREMENT,
  `no_member` varchar(100) DEFAULT NULL,
  `pass_member` varchar(100) DEFAULT NULL,
  `m_nama` varchar(100) DEFAULT NULL,
  `m_lahir_tmpt` varchar(100) DEFAULT NULL,
  `m_lahir_tgl` varchar(100) DEFAULT NULL,
  `m_status_nikah` varchar(100) DEFAULT NULL,
  `m_alamat_indo` text,
  `m_nama_ayah` varchar(100) DEFAULT NULL,
  `m_nama_ibu` varchar(100) DEFAULT NULL,
  `m_hp_indo` varchar(100) DEFAULT NULL,
  `m_hp_luar` varchar(100) DEFAULT NULL,
  `m_status_rumah` varchar(100) DEFAULT NULL,
  `m_pekerjaan` varchar(100) DEFAULT NULL,
  `m_pekerjaan_no_id_luar` varchar(100) DEFAULT NULL,
  `m_pekerjaan_masa_berlaku` varchar(100) DEFAULT NULL,
  `m_pekerjaan_alamat` text,
  `m_pekerjaan_teman_nama` varchar(100) DEFAULT NULL,
  `m_pekerjaan_teman_hp` varchar(100) DEFAULT NULL,
  `m_medsos_line` varchar(100) DEFAULT NULL,
  `m_medsos_fb` varchar(100) DEFAULT NULL,
  `m_medsos_ig` varchar(100) DEFAULT NULL,
  `m_medsos_wa` varchar(100) DEFAULT NULL,
  `m_file_id_card` varchar(255) DEFAULT NULL,
  `m_file_selfie` varchar(255) DEFAULT NULL,
  `m_selfie_pilihan` varchar(100) DEFAULT NULL,
  `m_file_lain` varchar(255) DEFAULT NULL,
  `m_file_lain_2` varchar(255) DEFAULT NULL,
  `created_at` datetime DEFAULT NULL,
  `updated_at` datetime DEFAULT NULL,
  PRIMARY KEY (`id_members`)
) ENGINE=InnoDB AUTO_INCREMENT=3 DEFAULT CHARSET=latin1;
/*!40101 SET character_set_client = @saved_cs_client */;

--
-- Dumping data for table `u_members`
--

LOCK TABLES `u_members` WRITE;
/*!40000 ALTER TABLE `u_members` DISABLE KEYS */;
INSERT INTO `u_members` VALUES (1,'cicid1289','e0430e','Cici Dianti','Banyuwangi','29/12/1989','Sudah Nikah','Dusun Palurejo RT 1 RW 3 Desa Tembokrejo  Kec Muncar Kabupaten Banyuwangi Jawa Timur','Alm Pak Santoso','Alm Ibu Kustini','','+886908546880','Sendiri','Domestic','ID30033498','2022/03/05','Taiwan daerah Chiayi Seh Nomor 315','Iis Badiyah','+886908766904','','Safira Azhara','','','assets/images/members/member-191104140431-idcard.jpg','assets/images/members/member-191104103730-selfie.jpg','kelingking','assets/images/members/member-191104103730-lain.jpg',NULL,'2019-11-04 10:37:30','2019-11-04 14:04:31'),(2,'henir0684','y0600g','Heni retnowati','Bandar lampung','26/06/1984','Sudah Nikah','Kel. Srimenanti\r\nKec. Bandar sribhawono\r\nProv. Lampung\r\nDusun VII RT007/RW003\r\nLampung Timur\r\n','Suparnianto','Sri purwanti','0895378311511','+886 908 008 642','Orang Tua','Domestic','SD30205353','2022/03/07','No.55, Wunheln., cishan dist., kaohsiung city, Taiwan (R.O.C) ','Wini','+8860933093964','','Heni Retnowati','','','assets/images/members/member-191106100300-idcard.jpg','assets/images/members/member-191106100300-selfie.jpg','jempol','assets/images/members/member-191106100300-lain.jpg',NULL,'2019-11-06 10:03:00','2019-11-06 14:03:31');
/*!40000 ALTER TABLE `u_members` ENABLE KEYS */;
UNLOCK TABLES;

--
-- Table structure for table `u_role`
--

DROP TABLE IF EXISTS `u_role`;
/*!40101 SET @saved_cs_client     = @@character_set_client */;
/*!50503 SET character_set_client = utf8mb4 */;
CREATE TABLE `u_role` (
  `id_role` int(10) NOT NULL AUTO_INCREMENT,
  `name_role` varchar(255) DEFAULT NULL,
  `created_at` datetime DEFAULT NULL,
  `updated_at` datetime DEFAULT NULL,
  PRIMARY KEY (`id_role`)
) ENGINE=InnoDB AUTO_INCREMENT=7 DEFAULT CHARSET=latin1;
/*!40101 SET character_set_client = @saved_cs_client */;

--
-- Dumping data for table `u_role`
--

LOCK TABLES `u_role` WRITE;
/*!40000 ALTER TABLE `u_role` DISABLE KEYS */;
INSERT INTO `u_role` VALUES (1,'Super User','2019-06-26 20:28:29','2019-06-26 20:28:29'),(2,'Marketing','2019-06-26 20:31:10','2019-06-26 20:31:13'),(3,'Manager','2019-06-26 20:31:15','2019-06-26 20:31:18'),(4,'Staff','2019-10-05 21:43:50',NULL),(5,'Admin QRcode','2019-10-05 21:43:54',NULL),(6,'Second Super User','2019-10-07 11:57:32',NULL);
/*!40000 ALTER TABLE `u_role` ENABLE KEYS */;
UNLOCK TABLES;

--
-- Table structure for table `u_staff`
--

DROP TABLE IF EXISTS `u_staff`;
/*!40101 SET @saved_cs_client     = @@character_set_client */;
/*!50503 SET character_set_client = utf8mb4 */;
CREATE TABLE `u_staff` (
  `id_staff` int(10) NOT NULL AUTO_INCREMENT,
  `name` varchar(100) DEFAULT NULL,
  `url` varchar(100) DEFAULT NULL,
  `contact_person` varchar(100) DEFAULT NULL,
  `email` varchar(100) DEFAULT NULL,
  `photo_file_path` varchar(100) DEFAULT NULL,
  `photo_file_name` varchar(100) DEFAULT NULL,
  `created_at` datetime DEFAULT NULL,
  `updated_at` datetime DEFAULT NULL,
  PRIMARY KEY (`id_staff`)
) ENGINE=InnoDB AUTO_INCREMENT=14 DEFAULT CHARSET=latin1;
/*!40101 SET character_set_client = @saved_cs_client */;

--
-- Dumping data for table `u_staff`
--

LOCK TABLES `u_staff` WRITE;
/*!40000 ALTER TABLE `u_staff` DISABLE KEYS */;
INSERT INTO `u_staff` VALUES (1,'Test Dev','test','6282235676581','info@arafah.tw','assets/images/staff/','staff-190831165001.png',NULL,NULL),(3,'Eka','eka','85290354555','info@arafah.tw','assets/images/staff/','staff-190831160611.jpeg',NULL,NULL),(4,'Sofie','sofie','85267303233','info@arafah.tw','assets/images/staff/','staff-190831160841.jpg',NULL,NULL),(5,'Kusnul','kusnul','85268474447','info@arafah.tw','assets/images/staff/','staff-190831160922.jpg',NULL,NULL),(6,'Fanny','fanny','85291869955','info@arafah.tw','assets/images/staff/','staff-190831161054.png',NULL,'2019-09-03 19:25:31'),(7,'Adit','adit','6289601666330','info@arafah.tw','assets/images/staff/','staff-190831163308.jpg',NULL,NULL),(8,'Titik','titik','6282234638176','info@arafah.tw','assets/images/staff/','staff-190831163601.jpg',NULL,NULL),(9,'Ika','ika','6281233710910','info@arafah.tw','assets/images/staff/','staff-190831163647.jpg',NULL,NULL),(10,'Yuyun','yuyun','6282142700145','info@arafah.tw','assets/images/staff/','staff-190831163712.jpg',NULL,NULL),(11,'Rengga','rengga','6285746960173 ','info@arafah.tw','assets/images/staff/','staff-190831163744.jpg',NULL,NULL),(12,'Risma','risma','6285336993842','info@arafah.tw','assets/images/staff/','staff-190831163837.png',NULL,NULL),(13,'Putri','putri','6289654888808','info@arafah.tw','assets/images/staff/','staff-191011204909.jpeg','2019-10-11 20:49:09','2019-10-12 15:11:54');
/*!40000 ALTER TABLE `u_staff` ENABLE KEYS */;
UNLOCK TABLES;

--
-- Table structure for table `u_users`
--

DROP TABLE IF EXISTS `u_users`;
/*!40101 SET @saved_cs_client     = @@character_set_client */;
/*!50503 SET character_set_client = utf8mb4 */;
CREATE TABLE `u_users` (
  `id_users` int(10) NOT NULL AUTO_INCREMENT,
  `id_role` int(10) NOT NULL,
  `name` varchar(255) DEFAULT NULL,
  `usernm` varchar(255) DEFAULT NULL,
  `passwd` varchar(255) DEFAULT NULL,
  `created_at` datetime DEFAULT NULL,
  `updated_at` datetime DEFAULT NULL,
  PRIMARY KEY (`id_users`)
) ENGINE=InnoDB AUTO_INCREMENT=16 DEFAULT CHARSET=latin1;
/*!40101 SET character_set_client = @saved_cs_client */;

--
-- Dumping data for table `u_users`
--

LOCK TABLES `u_users` WRITE;
/*!40000 ALTER TABLE `u_users` DISABLE KEYS */;
INSERT INTO `u_users` VALUES (1,1,'Administrator','adminarafah','1234adm@arafah!','2019-06-26 20:34:51','2019-06-26 20:34:53'),(2,5,'Admin QRcode','adminqrcode','arafah@qrcode123','2019-08-27 05:51:56','2019-08-27 05:51:59'),(4,2,'Marketing','adminmarketing','arafah@marketing123','2019-08-27 18:08:57','2019-08-27 18:09:02'),(5,3,'Manager','adminmanager','arafah@manager123','2019-09-16 00:04:32',NULL),(6,2,'Rengga','OrderRengga','Reng@0173','2019-09-23 18:53:52',NULL),(7,2,'Yuyun','OrderYuyun','Yun@4270','2019-09-23 18:53:54',NULL),(8,2,'Titik','OrderTitik','Tik@3476','2019-09-23 18:53:57',NULL),(9,2,'Risma','OrderRisma','Rism@2483','2019-09-23 18:53:59',NULL),(10,2,'Ika','OrderIka','Ika@3371','2019-09-23 18:54:01',NULL),(11,4,'Staff','adminstaff','arafah@staff123','2019-10-05 21:45:24',NULL),(14,6,'Admin 2nd','adminarafah2nd','arafah@admin123','2019-10-07 12:03:37',NULL),(15,2,'Putri','OrderPutri','Lala@8808','2019-11-05 13:31:51',NULL);
/*!40000 ALTER TABLE `u_users` ENABLE KEYS */;
UNLOCK TABLES;
/*!40103 SET TIME_ZONE=@OLD_TIME_ZONE */;

/*!40101 SET SQL_MODE=@OLD_SQL_MODE */;
/*!40014 SET FOREIGN_KEY_CHECKS=@OLD_FOREIGN_KEY_CHECKS */;
/*!40014 SET UNIQUE_CHECKS=@OLD_UNIQUE_CHECKS */;
/*!40101 SET CHARACTER_SET_CLIENT=@OLD_CHARACTER_SET_CLIENT */;
/*!40101 SET CHARACTER_SET_RESULTS=@OLD_CHARACTER_SET_RESULTS */;
/*!40101 SET COLLATION_CONNECTION=@OLD_COLLATION_CONNECTION */;
/*!40111 SET SQL_NOTES=@OLD_SQL_NOTES */;

-- Dump completed on 2020-03-20 19:05:51
